file,line,type,commit,author,date,time,timezone,datetime,depth,length
style.css,1,css,78052b0e,Su Love Wai,2025-10-10,21:08:48,-07:00,2025-10-10T21:08:48-07:00,0,5
style.css,2,css,95620031,Su Love Wai,2025-10-17,12:49:53,-07:00,2025-10-17T12:49:53-07:00,1,31
style.css,3,css,95620031,Su Love Wai,2025-10-17,12:49:53,-07:00,2025-10-17T12:49:53-07:00,0,0
style.css,4,css,95620031,Su Love Wai,2025-10-17,12:49:53,-07:00,2025-10-17T12:49:53-07:00,0,0
style.css,5,css,95620031,Su Love Wai,2025-10-17,12:49:53,-07:00,2025-10-17T12:49:53-07:00,0,4
style.css,6,css,95620031,Su Love Wai,2025-10-17,12:49:53,-07:00,2025-10-17T12:49:53-07:00,1,23
style.css,7,css,95620031,Su Love Wai,2025-10-17,12:49:53,-07:00,2025-10-17T12:49:53-07:00,1,23
style.css,8,css,95620031,Su Love Wai,2025-10-17,12:49:53,-07:00,2025-10-17T12:49:53-07:00,1,16
style.css,9,css,78052b0e,Su Love Wai,2025-10-10,21:08:48,-07:00,2025-10-10T21:08:48-07:00,0,0
style.css,10,css,78052b0e,Su Love Wai,2025-10-10,21:08:48,-07:00,2025-10-10T21:08:48-07:00,0,0
style.css,11,css,162e2724,Su Love Wai,2025-10-03,18:33:19,-07:00,2025-10-03T18:33:19-07:00,0,4
style.css,12,css,78052b0e,Su Love Wai,2025-10-10,21:08:48,-07:00,2025-10-10T21:08:48-07:00,1,33
style.css,13,css,78052b0e,Su Love Wai,2025-10-10,21:08:48,-07:00,2025-10-10T21:08:48-07:00,1,15
style.css,14,css,78052b0e,Su Love Wai,2025-10-10,21:08:48,-07:00,2025-10-10T21:08:48-07:00,1,15
style.css,15,css,78052b0e,Su Love Wai,2025-10-10,21:08:48,-07:00,2025-10-10T21:08:48-07:00,1,18
style.css,16,css,78052b0e,Su Love Wai,2025-10-10,21:08:48,-07:00,2025-10-10T21:08:48-07:00,1,18
style.css,17,css,95620031,Su Love Wai,2025-10-17,12:49:53,-07:00,2025-10-17T12:49:53-07:00,1,23
style.css,18,css,95620031,Su Love Wai,2025-10-17,12:49:53,-07:00,2025-10-17T12:49:53-07:00,1,16
style.css,19,css,78052b0e,Su Love Wai,2025-10-10,21:08:48,-07:00,2025-10-10T21:08:48-07:00,0,0
style.css,20,css,78052b0e,Su Love Wai,2025-10-10,21:08:48,-07:00,2025-10-10T21:08:48-07:00,0,0
style.css,21,css,95620031,Su Love Wai,2025-10-17,12:49:53,-07:00,2025-10-17T12:49:53-07:00,0,36
style.css,22,css,78052b0e,Su Love Wai,2025-10-10,21:08:48,-07:00,2025-10-10T21:08:48-07:00,0,3
style.css,23,css,95620031,Su Love Wai,2025-10-17,12:49:53,-07:00,2025-10-17T12:49:53-07:00,1,12
style.css,24,css,78052b0e,Su Love Wai,2025-10-10,21:08:48,-07:00,2025-10-10T21:08:48-07:00,1,28
style.css,25,css,95620031,Su Love Wai,2025-10-17,12:49:53,-07:00,2025-10-17T12:49:53-07:00,1,18
style.css,26,css,95620031,Su Love Wai,2025-10-17,12:49:53,-07:00,2025-10-17T12:49:53-07:00,1,39
style.css,27,css,95620031,Su Love Wai,2025-10-17,12:49:53,-07:00,2025-10-17T12:49:53-07:00,1,43
style.css,28,css,95620031,Su Love Wai,2025-10-17,12:49:53,-07:00,2025-10-17T12:49:53-07:00,1,17
style.css,29,css,95620031,Su Love Wai,2025-10-17,12:49:53,-07:00,2025-10-17T12:49:53-07:00,1,15
style.css,30,css,78052b0e,Su Love Wai,2025-10-10,21:08:48,-07:00,2025-10-10T21:08:48-07:00,0,0
style.css,31,css,78052b0e,Su Love Wai,2025-10-10,21:08:48,-07:00,2025-10-10T21:08:48-07:00,0,0
style.css,32,css,78052b0e,Su Love Wai,2025-10-10,21:08:48,-07:00,2025-10-10T21:08:48-07:00,0,5
style.css,33,css,95620031,Su Love Wai,2025-10-17,12:49:53,-07:00,2025-10-17T12:49:53-07:00,1,6
style.css,34,css,95620031,Su Love Wai,2025-10-17,12:49:53,-07:00,2025-10-17T12:49:53-07:00,1,17
style.css,35,css,95620031,Su Love Wai,2025-10-17,12:49:53,-07:00,2025-10-17T12:49:53-07:00,1,20
style.css,36,css,95620031,Su Love Wai,2025-10-17,12:49:53,-07:00,2025-10-17T12:49:53-07:00,1,13
style.css,37,css,95620031,Su Love Wai,2025-10-17,12:49:53,-07:00,2025-10-17T12:49:53-07:00,1,13
style.css,38,css,78052b0e,Su Love Wai,2025-10-10,21:08:48,-07:00,2025-10-10T21:08:48-07:00,0,0
style.css,39,css,78052b0e,Su Love Wai,2025-10-10,21:08:48,-07:00,2025-10-10T21:08:48-07:00,0,0
style.css,40,css,78052b0e,Su Love Wai,2025-10-10,21:08:48,-07:00,2025-10-10T21:08:48-07:00,0,13
style.css,41,css,78052b0e,Su Love Wai,2025-10-10,21:08:48,-07:00,2025-10-10T21:08:48-07:00,1,45
style.css,42,css,78052b0e,Su Love Wai,2025-10-10,21:08:48,-07:00,2025-10-10T21:08:48-07:00,1,16
style.css,43,css,78052b0e,Su Love Wai,2025-10-10,21:08:48,-07:00,2025-10-10T21:08:48-07:00,0,0
style.css,44,css,78052b0e,Su Love Wai,2025-10-10,21:08:48,-07:00,2025-10-10T21:08:48-07:00,0,0
style.css,45,css,78052b0e,Su Love Wai,2025-10-10,21:08:48,-07:00,2025-10-10T21:08:48-07:00,0,11
style.css,46,css,95620031,Su Love Wai,2025-10-17,12:49:53,-07:00,2025-10-17T12:49:53-07:00,1,45
style.css,47,css,95620031,Su Love Wai,2025-10-17,12:49:53,-07:00,2025-10-17T12:49:53-07:00,1,69
style.css,48,css,78052b0e,Su Love Wai,2025-10-10,21:08:48,-07:00,2025-10-10T21:08:48-07:00,0,0
style.css,49,css,78052b0e,Su Love Wai,2025-10-10,21:08:48,-07:00,2025-10-10T21:08:48-07:00,0,0
style.css,50,css,95620031,Su Love Wai,2025-10-17,12:49:53,-07:00,2025-10-17T12:49:53-07:00,0,31
style.css,51,css,78052b0e,Su Love Wai,2025-10-10,21:08:48,-07:00,2025-10-10T21:08:48-07:00,0,4
style.css,52,css,78052b0e,Su Love Wai,2025-10-10,21:08:48,-07:00,2025-10-10T21:08:48-07:00,0,7
style.css,53,css,78052b0e,Su Love Wai,2025-10-10,21:08:48,-07:00,2025-10-10T21:08:48-07:00,0,6
style.css,54,css,78052b0e,Su Love Wai,2025-10-10,21:08:48,-07:00,2025-10-10T21:08:48-07:00,1,12
style.css,55,css,78052b0e,Su Love Wai,2025-10-10,21:08:48,-07:00,2025-10-10T21:08:48-07:00,0,0
style.css,56,css,78052b0e,Su Love Wai,2025-10-10,21:08:48,-07:00,2025-10-10T21:08:48-07:00,0,0
style.css,57,css,78052b0e,Su Love Wai,2025-10-10,21:08:48,-07:00,2025-10-10T21:08:48-07:00,0,4
style.css,58,css,78052b0e,Su Love Wai,2025-10-10,21:08:48,-07:00,2025-10-10T21:08:48-07:00,1,12
style.css,59,css,95620031,Su Love Wai,2025-10-17,12:49:53,-07:00,2025-10-17T12:49:53-07:00,1,30
style.css,60,css,95620031,Su Love Wai,2025-10-17,12:49:53,-07:00,2025-10-17T12:49:53-07:00,1,7
style.css,61,css,78052b0e,Su Love Wai,2025-10-10,21:08:48,-07:00,2025-10-10T21:08:48-07:00,1,18
style.css,62,css,95620031,Su Love Wai,2025-10-17,12:49:53,-07:00,2025-10-17T12:49:53-07:00,1,14
style.css,63,css,95620031,Su Love Wai,2025-10-17,12:49:53,-07:00,2025-10-17T12:49:53-07:00,1,12
style.css,64,css,78052b0e,Su Love Wai,2025-10-10,21:08:48,-07:00,2025-10-10T21:08:48-07:00,0,0
style.css,65,css,78052b0e,Su Love Wai,2025-10-10,21:08:48,-07:00,2025-10-10T21:08:48-07:00,0,0
style.css,66,css,78052b0e,Su Love Wai,2025-10-10,21:08:48,-07:00,2025-10-10T21:08:48-07:00,0,10
style.css,67,css,78052b0e,Su Love Wai,2025-10-10,21:08:48,-07:00,2025-10-10T21:08:48-07:00,1,16
style.css,68,css,78052b0e,Su Love Wai,2025-10-10,21:08:48,-07:00,2025-10-10T21:08:48-07:00,1,19
style.css,69,css,78052b0e,Su Love Wai,2025-10-10,21:08:48,-07:00,2025-10-10T21:08:48-07:00,0,0
style.css,70,css,78052b0e,Su Love Wai,2025-10-10,21:08:48,-07:00,2025-10-10T21:08:48-07:00,0,0
style.css,71,css,78052b0e,Su Love Wai,2025-10-10,21:08:48,-07:00,2025-10-10T21:08:48-07:00,0,9
style.css,72,css,78052b0e,Su Love Wai,2025-10-10,21:08:48,-07:00,2025-10-10T21:08:48-07:00,0,13
style.css,73,css,78052b0e,Su Love Wai,2025-10-10,21:08:48,-07:00,2025-10-10T21:08:48-07:00,1,10
style.css,74,css,78052b0e,Su Love Wai,2025-10-10,21:08:48,-07:00,2025-10-10T21:08:48-07:00,1,21
style.css,75,css,78052b0e,Su Love Wai,2025-10-10,21:08:48,-07:00,2025-10-10T21:08:48-07:00,1,34
style.css,76,css,78052b0e,Su Love Wai,2025-10-10,21:08:48,-07:00,2025-10-10T21:08:48-07:00,1,19
style.css,77,css,78052b0e,Su Love Wai,2025-10-10,21:08:48,-07:00,2025-10-10T21:08:48-07:00,1,13
style.css,78,css,95620031,Su Love Wai,2025-10-17,12:49:53,-07:00,2025-10-17T12:49:53-07:00,1,23
style.css,79,css,95620031,Su Love Wai,2025-10-17,12:49:53,-07:00,2025-10-17T12:49:53-07:00,1,16
style.css,80,css,78052b0e,Su Love Wai,2025-10-10,21:08:48,-07:00,2025-10-10T21:08:48-07:00,0,0
style.css,81,css,78052b0e,Su Love Wai,2025-10-10,21:08:48,-07:00,2025-10-10T21:08:48-07:00,0,0
style.css,82,css,78052b0e,Su Love Wai,2025-10-10,21:08:48,-07:00,2025-10-10T21:08:48-07:00,0,11
style.css,83,css,95620031,Su Love Wai,2025-10-17,12:49:53,-07:00,2025-10-17T12:49:53-07:00,1,18
style.css,84,css,78052b0e,Su Love Wai,2025-10-10,21:08:48,-07:00,2025-10-10T21:08:48-07:00,1,18
style.css,85,css,78052b0e,Su Love Wai,2025-10-10,21:08:48,-07:00,2025-10-10T21:08:48-07:00,1,36
style.css,86,css,78052b0e,Su Love Wai,2025-10-10,21:08:48,-07:00,2025-10-10T21:08:48-07:00,1,11
style.css,87,css,78052b0e,Su Love Wai,2025-10-10,21:08:48,-07:00,2025-10-10T21:08:48-07:00,1,11
style.css,88,css,78052b0e,Su Love Wai,2025-10-10,21:08:48,-07:00,2025-10-10T21:08:48-07:00,1,19
style.css,89,css,78052b0e,Su Love Wai,2025-10-10,21:08:48,-07:00,2025-10-10T21:08:48-07:00,1,19
style.css,90,css,78052b0e,Su Love Wai,2025-10-10,21:08:48,-07:00,2025-10-10T21:08:48-07:00,1,14
style.css,91,css,78052b0e,Su Love Wai,2025-10-10,21:08:48,-07:00,2025-10-10T21:08:48-07:00,1,15
style.css,92,css,78052b0e,Su Love Wai,2025-10-10,21:08:48,-07:00,2025-10-10T21:08:48-07:00,0,0
style.css,93,css,78052b0e,Su Love Wai,2025-10-10,21:08:48,-07:00,2025-10-10T21:08:48-07:00,0,0
style.css,94,css,78052b0e,Su Love Wai,2025-10-10,21:08:48,-07:00,2025-10-10T21:08:48-07:00,0,17
style.css,95,css,78052b0e,Su Love Wai,2025-10-10,21:08:48,-07:00,2025-10-10T21:08:48-07:00,1,58
style.css,96,css,78052b0e,Su Love Wai,2025-10-10,21:08:48,-07:00,2025-10-10T21:08:48-07:00,0,0
style.css,97,css,78052b0e,Su Love Wai,2025-10-10,21:08:48,-07:00,2025-10-10T21:08:48-07:00,0,0
style.css,98,css,95620031,Su Love Wai,2025-10-17,12:49:53,-07:00,2025-10-17T12:49:53-07:00,0,39
style.css,99,css,78052b0e,Su Love Wai,2025-10-10,21:08:48,-07:00,2025-10-10T21:08:48-07:00,0,9
style.css,100,css,78052b0e,Su Love Wai,2025-10-10,21:08:48,-07:00,2025-10-10T21:08:48-07:00,1,12
style.css,101,css,78052b0e,Su Love Wai,2025-10-10,21:08:48,-07:00,2025-10-10T21:08:48-07:00,1,58
style.css,102,css,78052b0e,Su Love Wai,2025-10-10,21:08:48,-07:00,2025-10-10T21:08:48-07:00,1,7
style.css,103,css,78052b0e,Su Love Wai,2025-10-10,21:08:48,-07:00,2025-10-10T21:08:48-07:00,1,14
style.css,104,css,78052b0e,Su Love Wai,2025-10-10,21:08:48,-07:00,2025-10-10T21:08:48-07:00,0,0
style.css,105,css,78052b0e,Su Love Wai,2025-10-10,21:08:48,-07:00,2025-10-10T21:08:48-07:00,0,0
style.css,106,css,78052b0e,Su Love Wai,2025-10-10,21:08:48,-07:00,2025-10-10T21:08:48-07:00,0,17
style.css,107,css,95620031,Su Love Wai,2025-10-17,12:49:53,-07:00,2025-10-17T12:49:53-07:00,1,40
style.css,108,css,78052b0e,Su Love Wai,2025-10-10,21:08:48,-07:00,2025-10-10T21:08:48-07:00,1,19
style.css,109,css,78052b0e,Su Love Wai,2025-10-10,21:08:48,-07:00,2025-10-10T21:08:48-07:00,1,11
style.css,110,css,95620031,Su Love Wai,2025-10-17,12:49:53,-07:00,2025-10-17T12:49:53-07:00,1,55
style.css,111,css,95620031,Su Love Wai,2025-10-17,12:49:53,-07:00,2025-10-17T12:49:53-07:00,1,52
style.css,112,css,95620031,Su Love Wai,2025-10-17,12:49:53,-07:00,2025-10-17T12:49:53-07:00,1,16
style.css,113,css,78052b0e,Su Love Wai,2025-10-10,21:08:48,-07:00,2025-10-10T21:08:48-07:00,0,0
style.css,114,css,78052b0e,Su Love Wai,2025-10-10,21:08:48,-07:00,2025-10-10T21:08:48-07:00,0,0
style.css,115,css,78052b0e,Su Love Wai,2025-10-10,21:08:48,-07:00,2025-10-10T21:08:48-07:00,0,23
style.css,116,css,95620031,Su Love Wai,2025-10-17,12:49:53,-07:00,2025-10-17T12:49:53-07:00,1,26
style.css,117,css,95620031,Su Love Wai,2025-10-17,12:49:53,-07:00,2025-10-17T12:49:53-07:00,1,45
style.css,118,css,78052b0e,Su Love Wai,2025-10-10,21:08:48,-07:00,2025-10-10T21:08:48-07:00,0,0
style.css,119,css,78052b0e,Su Love Wai,2025-10-10,21:08:48,-07:00,2025-10-10T21:08:48-07:00,0,0
style.css,120,css,78052b0e,Su Love Wai,2025-10-10,21:08:48,-07:00,2025-10-10T21:08:48-07:00,0,13
style.css,121,css,78052b0e,Su Love Wai,2025-10-10,21:08:48,-07:00,2025-10-10T21:08:48-07:00,1,10
style.css,122,css,78052b0e,Su Love Wai,2025-10-10,21:08:48,-07:00,2025-10-10T21:08:48-07:00,1,19
style.css,123,css,78052b0e,Su Love Wai,2025-10-10,21:08:48,-07:00,2025-10-10T21:08:48-07:00,1,30
style.css,124,css,78052b0e,Su Love Wai,2025-10-10,21:08:48,-07:00,2025-10-10T21:08:48-07:00,0,0
style.css,125,css,78052b0e,Su Love Wai,2025-10-10,21:08:48,-07:00,2025-10-10T21:08:48-07:00,0,0
style.css,126,css,78052b0e,Su Love Wai,2025-10-10,21:08:48,-07:00,2025-10-10T21:08:48-07:00,0,27
style.css,127,css,78052b0e,Su Love Wai,2025-10-10,21:08:48,-07:00,2025-10-10T21:08:48-07:00,1,21
style.css,128,css,78052b0e,Su Love Wai,2025-10-10,21:08:48,-07:00,2025-10-10T21:08:48-07:00,0,0
style.css,129,css,78052b0e,Su Love Wai,2025-10-10,21:08:48,-07:00,2025-10-10T21:08:48-07:00,0,0
style.css,130,css,95620031,Su Love Wai,2025-10-17,12:49:53,-07:00,2025-10-17T12:49:53-07:00,0,33
style.css,131,css,78052b0e,Su Love Wai,2025-10-10,21:08:48,-07:00,2025-10-10T21:08:48-07:00,0,7
style.css,132,css,78052b0e,Su Love Wai,2025-10-10,21:08:48,-07:00,2025-10-10T21:08:48-07:00,1,16
style.css,133,css,78052b0e,Su Love Wai,2025-10-10,21:08:48,-07:00,2025-10-10T21:08:48-07:00,1,19
style.css,134,css,78052b0e,Su Love Wai,2025-10-10,21:08:48,-07:00,2025-10-10T21:08:48-07:00,1,41
style.css,135,css,95620031,Su Love Wai,2025-10-17,12:49:53,-07:00,2025-10-17T12:49:53-07:00,1,55
style.css,136,css,78052b0e,Su Love Wai,2025-10-10,21:08:48,-07:00,2025-10-10T21:08:48-07:00,1,19
style.css,137,css,95620031,Su Love Wai,2025-10-17,12:49:53,-07:00,2025-10-17T12:49:53-07:00,1,16
style.css,138,css,95620031,Su Love Wai,2025-10-17,12:49:53,-07:00,2025-10-17T12:49:53-07:00,1,54
style.css,139,css,78052b0e,Su Love Wai,2025-10-10,21:08:48,-07:00,2025-10-10T21:08:48-07:00,0,0
style.css,140,css,78052b0e,Su Love Wai,2025-10-10,21:08:48,-07:00,2025-10-10T21:08:48-07:00,0,0
style.css,141,css,78052b0e,Su Love Wai,2025-10-10,21:08:48,-07:00,2025-10-10T21:08:48-07:00,0,10
style.css,142,css,78052b0e,Su Love Wai,2025-10-10,21:08:48,-07:00,2025-10-10T21:08:48-07:00,1,25
style.css,143,css,78052b0e,Su Love Wai,2025-10-10,21:08:48,-07:00,2025-10-10T21:08:48-07:00,1,15
style.css,144,css,78052b0e,Su Love Wai,2025-10-10,21:08:48,-07:00,2025-10-10T21:08:48-07:00,1,19
style.css,145,css,78052b0e,Su Love Wai,2025-10-10,21:08:48,-07:00,2025-10-10T21:08:48-07:00,1,15
style.css,146,css,78052b0e,Su Love Wai,2025-10-10,21:08:48,-07:00,2025-10-10T21:08:48-07:00,0,0
style.css,147,css,78052b0e,Su Love Wai,2025-10-10,21:08:48,-07:00,2025-10-10T21:08:48-07:00,0,0
style.css,148,css,78052b0e,Su Love Wai,2025-10-10,21:08:48,-07:00,2025-10-10T21:08:48-07:00,0,10
style.css,149,css,78052b0e,Su Love Wai,2025-10-10,21:08:48,-07:00,2025-10-10T21:08:48-07:00,1,22
style.css,150,css,78052b0e,Su Love Wai,2025-10-10,21:08:48,-07:00,2025-10-10T21:08:48-07:00,1,15
style.css,151,css,78052b0e,Su Love Wai,2025-10-10,21:08:48,-07:00,2025-10-10T21:08:48-07:00,0,0
style.css,152,css,78052b0e,Su Love Wai,2025-10-10,21:08:48,-07:00,2025-10-10T21:08:48-07:00,0,0
style.css,153,css,78052b0e,Su Love Wai,2025-10-10,21:08:48,-07:00,2025-10-10T21:08:48-07:00,0,4
style.css,154,css,78052b0e,Su Love Wai,2025-10-10,21:08:48,-07:00,2025-10-10T21:08:48-07:00,1,17
style.css,155,css,78052b0e,Su Love Wai,2025-10-10,21:08:48,-07:00,2025-10-10T21:08:48-07:00,1,15
style.css,156,css,95620031,Su Love Wai,2025-10-17,12:49:53,-07:00,2025-10-17T12:49:53-07:00,1,23
style.css,157,css,78052b0e,Su Love Wai,2025-10-10,21:08:48,-07:00,2025-10-10T21:08:48-07:00,0,0
style.css,158,css,78052b0e,Su Love Wai,2025-10-10,21:08:48,-07:00,2025-10-10T21:08:48-07:00,0,0
style.css,159,css,78052b0e,Su Love Wai,2025-10-10,21:08:48,-07:00,2025-10-10T21:08:48-07:00,0,10
style.css,160,css,78052b0e,Su Love Wai,2025-10-10,21:08:48,-07:00,2025-10-10T21:08:48-07:00,1,26
style.css,161,css,78052b0e,Su Love Wai,2025-10-10,21:08:48,-07:00,2025-10-10T21:08:48-07:00,1,15
style.css,162,css,78052b0e,Su Love Wai,2025-10-10,21:08:48,-07:00,2025-10-10T21:08:48-07:00,0,0
style.css,163,css,78052b0e,Su Love Wai,2025-10-10,21:08:48,-07:00,2025-10-10T21:08:48-07:00,0,0
style.css,164,css,78052b0e,Su Love Wai,2025-10-10,21:08:48,-07:00,2025-10-10T21:08:48-07:00,0,6
style.css,165,css,78052b0e,Su Love Wai,2025-10-10,21:08:48,-07:00,2025-10-10T21:08:48-07:00,1,17
style.css,166,css,78052b0e,Su Love Wai,2025-10-10,21:08:48,-07:00,2025-10-10T21:08:48-07:00,1,17
style.css,167,css,95620031,Su Love Wai,2025-10-17,12:49:53,-07:00,2025-10-17T12:49:53-07:00,1,55
style.css,168,css,78052b0e,Su Love Wai,2025-10-10,21:08:48,-07:00,2025-10-10T21:08:48-07:00,1,13
style.css,169,css,78052b0e,Su Love Wai,2025-10-10,21:08:48,-07:00,2025-10-10T21:08:48-07:00,1,19
style.css,170,css,95620031,Su Love Wai,2025-10-17,12:49:53,-07:00,2025-10-17T12:49:53-07:00,1,16
style.css,171,css,78052b0e,Su Love Wai,2025-10-10,21:08:48,-07:00,2025-10-10T21:08:48-07:00,0,0
style.css,172,css,78052b0e,Su Love Wai,2025-10-10,21:08:48,-07:00,2025-10-10T21:08:48-07:00,0,0
style.css,173,css,78052b0e,Su Love Wai,2025-10-10,21:08:48,-07:00,2025-10-10T21:08:48-07:00,0,9
style.css,174,css,78052b0e,Su Love Wai,2025-10-10,21:08:48,-07:00,2025-10-10T21:08:48-07:00,1,15
style.css,175,css,78052b0e,Su Love Wai,2025-10-10,21:08:48,-07:00,2025-10-10T21:08:48-07:00,1,19
style.css,176,css,78052b0e,Su Love Wai,2025-10-10,21:08:48,-07:00,2025-10-10T21:08:48-07:00,0,0
style.css,177,css,78052b0e,Su Love Wai,2025-10-10,21:08:48,-07:00,2025-10-10T21:08:48-07:00,0,0
style.css,178,css,78052b0e,Su Love Wai,2025-10-10,21:08:48,-07:00,2025-10-10T21:08:48-07:00,0,8
style.css,179,css,78052b0e,Su Love Wai,2025-10-10,21:08:48,-07:00,2025-10-10T21:08:48-07:00,1,25
style.css,180,css,78052b0e,Su Love Wai,2025-10-10,21:08:48,-07:00,2025-10-10T21:08:48-07:00,1,20
style.css,181,css,78052b0e,Su Love Wai,2025-10-10,21:08:48,-07:00,2025-10-10T21:08:48-07:00,1,15
style.css,182,css,78052b0e,Su Love Wai,2025-10-10,21:08:48,-07:00,2025-10-10T21:08:48-07:00,0,0
style.css,183,css,78052b0e,Su Love Wai,2025-10-10,21:08:48,-07:00,2025-10-10T21:08:48-07:00,0,0
style.css,184,css,78052b0e,Su Love Wai,2025-10-10,21:08:48,-07:00,2025-10-10T21:08:48-07:00,0,14
style.css,185,css,78052b0e,Su Love Wai,2025-10-10,21:08:48,-07:00,2025-10-10T21:08:48-07:00,1,25
style.css,186,css,78052b0e,Su Love Wai,2025-10-10,21:08:48,-07:00,2025-10-10T21:08:48-07:00,0,0
style.css,187,css,78052b0e,Su Love Wai,2025-10-10,21:08:48,-07:00,2025-10-10T21:08:48-07:00,0,0
style.css,188,css,78052b0e,Su Love Wai,2025-10-10,21:08:48,-07:00,2025-10-10T21:08:48-07:00,0,13
style.css,189,css,78052b0e,Su Love Wai,2025-10-10,21:08:48,-07:00,2025-10-10T21:08:48-07:00,1,26
style.css,190,css,78052b0e,Su Love Wai,2025-10-10,21:08:48,-07:00,2025-10-10T21:08:48-07:00,1,44
style.css,191,css,78052b0e,Su Love Wai,2025-10-10,21:08:48,-07:00,2025-10-10T21:08:48-07:00,7,32
style.css,192,css,162e2724,Su Love Wai,2025-10-03,18:33:19,-07:00,2025-10-03T18:33:19-07:00,0,0
style.css,193,css,78052b0e,Su Love Wai,2025-10-10,21:08:48,-07:00,2025-10-10T21:08:48-07:00,0,0
style.css,194,css,95620031,Su Love Wai,2025-10-17,12:49:53,-07:00,2025-10-17T12:49:53-07:00,0,42
style.css,195,css,95620031,Su Love Wai,2025-10-17,12:49:53,-07:00,2025-10-17T12:49:53-07:00,0,13
style.css,196,css,95620031,Su Love Wai,2025-10-17,12:49:53,-07:00,2025-10-17T12:49:53-07:00,1,17
style.css,197,css,95620031,Su Love Wai,2025-10-17,12:49:53,-07:00,2025-10-17T12:49:53-07:00,1,8
style.css,198,css,95620031,Su Love Wai,2025-10-17,12:49:53,-07:00,2025-10-17T12:49:53-07:00,1,10
style.css,199,css,95620031,Su Love Wai,2025-10-17,12:49:53,-07:00,2025-10-17T12:49:53-07:00,1,13
style.css,200,css,95620031,Su Love Wai,2025-10-17,12:49:53,-07:00,2025-10-17T12:49:53-07:00,1,19
style.css,201,css,95620031,Su Love Wai,2025-10-17,12:49:53,-07:00,2025-10-17T12:49:53-07:00,0,0
style.css,202,css,95620031,Su Love Wai,2025-10-17,12:49:53,-07:00,2025-10-17T12:49:53-07:00,0,0
style.css,203,css,95620031,Su Love Wai,2025-10-17,12:49:53,-07:00,2025-10-17T12:49:53-07:00,0,20
style.css,204,css,95620031,Su Love Wai,2025-10-17,12:49:53,-07:00,2025-10-17T12:49:53-07:00,1,19
style.css,205,css,95620031,Su Love Wai,2025-10-17,12:49:53,-07:00,2025-10-17T12:49:53-07:00,1,23
style.css,206,css,95620031,Su Love Wai,2025-10-17,12:49:53,-07:00,2025-10-17T12:49:53-07:00,1,16
style.css,207,css,95620031,Su Love Wai,2025-10-17,12:49:53,-07:00,2025-10-17T12:49:53-07:00,1,40
style.css,208,css,95620031,Su Love Wai,2025-10-17,12:49:53,-07:00,2025-10-17T12:49:53-07:00,1,19
style.css,209,css,95620031,Su Love Wai,2025-10-17,12:49:53,-07:00,2025-10-17T12:49:53-07:00,1,19
style.css,210,css,95620031,Su Love Wai,2025-10-17,12:49:53,-07:00,2025-10-17T12:49:53-07:00,0,0
style.css,211,css,a52c37b7,Su Love Wai,2025-10-24,20:00:23,-07:00,2025-10-24T20:00:23-07:00,0,0
style.css,212,css,a52c37b7,Su Love Wai,2025-10-24,20:00:23,-07:00,2025-10-24T20:00:23-07:00,0,0
style.css,213,css,a52c37b7,Su Love Wai,2025-10-24,20:00:23,-07:00,2025-10-24T20:00:23-07:00,0,37
style.css,214,css,a52c37b7,Su Love Wai,2025-10-24,20:00:23,-07:00,2025-10-24T20:00:23-07:00,0,24
style.css,215,css,a52c37b7,Su Love Wai,2025-10-24,20:00:23,-07:00,2025-10-24T20:00:23-07:00,1,42
style.css,216,css,a52c37b7,Su Love Wai,2025-10-24,20:00:23,-07:00,2025-10-24T20:00:23-07:00,1,12
style.css,217,css,a52c37b7,Su Love Wai,2025-10-24,20:00:23,-07:00,2025-10-24T20:00:23-07:00,1,17
style.css,218,css,a52c37b7,Su Love Wai,2025-10-24,20:00:23,-07:00,2025-10-24T20:00:23-07:00,1,18
style.css,219,css,a52c37b7,Su Love Wai,2025-10-24,20:00:23,-07:00,2025-10-24T20:00:23-07:00,1,46
style.css,220,css,a52c37b7,Su Love Wai,2025-10-24,20:00:23,-07:00,2025-10-24T20:00:23-07:00,1,52
style.css,221,css,a52c37b7,Su Love Wai,2025-10-24,20:00:23,-07:00,2025-10-24T20:00:23-07:00,0,0
style.css,222,css,a52c37b7,Su Love Wai,2025-10-24,20:00:23,-07:00,2025-10-24T20:00:23-07:00,0,0
style.css,223,css,a52c37b7,Su Love Wai,2025-10-24,20:00:23,-07:00,2025-10-24T20:00:23-07:00,0,30
style.css,224,css,a52c37b7,Su Love Wai,2025-10-24,20:00:23,-07:00,2025-10-24T20:00:23-07:00,1,26
style.css,225,css,a52c37b7,Su Love Wai,2025-10-24,20:00:23,-07:00,2025-10-24T20:00:23-07:00,1,37
style.css,226,css,a52c37b7,Su Love Wai,2025-10-24,20:00:23,-07:00,2025-10-24T20:00:23-07:00,0,0
style.css,227,css,a52c37b7,Su Love Wai,2025-10-24,20:00:23,-07:00,2025-10-24T20:00:23-07:00,0,0
style.css,228,css,a52c37b7,Su Love Wai,2025-10-24,20:00:23,-07:00,2025-10-24T20:00:23-07:00,0,20
style.css,229,css,a52c37b7,Su Love Wai,2025-10-24,20:00:23,-07:00,2025-10-24T20:00:23-07:00,1,14
style.css,230,css,a52c37b7,Su Love Wai,2025-10-24,20:00:23,-07:00,2025-10-24T20:00:23-07:00,1,17
style.css,231,css,a52c37b7,Su Love Wai,2025-10-24,20:00:23,-07:00,2025-10-24T20:00:23-07:00,1,15
style.css,232,css,a52c37b7,Su Love Wai,2025-10-24,20:00:23,-07:00,2025-10-24T20:00:23-07:00,0,0
style.css,233,css,a52c37b7,Su Love Wai,2025-10-24,20:00:23,-07:00,2025-10-24T20:00:23-07:00,0,0
style.css,234,css,a52c37b7,Su Love Wai,2025-10-24,20:00:23,-07:00,2025-10-24T20:00:23-07:00,0,31
style.css,235,css,a52c37b7,Su Love Wai,2025-10-24,20:00:23,-07:00,2025-10-24T20:00:23-07:00,0,13
style.css,236,css,a52c37b7,Su Love Wai,2025-10-24,20:00:23,-07:00,2025-10-24T20:00:23-07:00,1,15
style.css,237,css,a52c37b7,Su Love Wai,2025-10-24,20:00:23,-07:00,2025-10-24T20:00:23-07:00,1,42
style.css,238,css,a52c37b7,Su Love Wai,2025-10-24,20:00:23,-07:00,2025-10-24T20:00:23-07:00,1,15
style.css,239,css,a52c37b7,Su Love Wai,2025-10-24,20:00:23,-07:00,2025-10-24T20:00:23-07:00,1,18
style.css,240,css,a52c37b7,Su Love Wai,2025-10-24,20:00:23,-07:00,2025-10-24T20:00:23-07:00,1,15
style.css,241,css,a52c37b7,Su Love Wai,2025-10-24,20:00:23,-07:00,2025-10-24T20:00:23-07:00,1,46
style.css,242,css,a52c37b7,Su Love Wai,2025-10-24,20:00:23,-07:00,2025-10-24T20:00:23-07:00,1,17
style.css,243,css,a52c37b7,Su Love Wai,2025-10-24,20:00:23,-07:00,2025-10-24T20:00:23-07:00,1,31
style.css,244,css,a52c37b7,Su Love Wai,2025-10-24,20:00:23,-07:00,2025-10-24T20:00:23-07:00,0,0
style.css,245,css,a52c37b7,Su Love Wai,2025-10-24,20:00:23,-07:00,2025-10-24T20:00:23-07:00,0,0
style.css,246,css,a52c37b7,Su Love Wai,2025-10-24,20:00:23,-07:00,2025-10-24T20:00:23-07:00,0,19
style.css,247,css,a52c37b7,Su Love Wai,2025-10-24,20:00:23,-07:00,2025-10-24T20:00:23-07:00,1,37
style.css,248,css,a52c37b7,Su Love Wai,2025-10-24,20:00:23,-07:00,2025-10-24T20:00:23-07:00,0,0
style.css,249,css,a52c37b7,Su Love Wai,2025-10-24,20:00:23,-07:00,2025-10-24T20:00:23-07:00,0,0
style.css,250,css,a52c37b7,Su Love Wai,2025-10-24,20:00:23,-07:00,2025-10-24T20:00:23-07:00,0,17
style.css,251,css,a52c37b7,Su Love Wai,2025-10-24,20:00:23,-07:00,2025-10-24T20:00:23-07:00,1,11
style.css,252,css,a52c37b7,Su Love Wai,2025-10-24,20:00:23,-07:00,2025-10-24T20:00:23-07:00,1,12
style.css,253,css,a52c37b7,Su Love Wai,2025-10-24,20:00:23,-07:00,2025-10-24T20:00:23-07:00,1,17
style.css,254,css,a52c37b7,Su Love Wai,2025-10-24,20:00:23,-07:00,2025-10-24T20:00:23-07:00,1,16
style.css,255,css,a52c37b7,Su Love Wai,2025-10-24,20:00:23,-07:00,2025-10-24T20:00:23-07:00,1,21
style.css,256,css,a52c37b7,Su Love Wai,2025-10-24,20:00:23,-07:00,2025-10-24T20:00:23-07:00,0,0
style.css,257,css,a52c37b7,Su Love Wai,2025-10-24,20:00:23,-07:00,2025-10-24T20:00:23-07:00,0,0
style.css,258,css,a52c37b7,Su Love Wai,2025-10-24,20:00:23,-07:00,2025-10-24T20:00:23-07:00,0,29
style.css,259,css,a52c37b7,Su Love Wai,2025-10-24,20:00:23,-07:00,2025-10-24T20:00:23-07:00,0,5
style.css,260,css,a52c37b7,Su Love Wai,2025-10-24,20:00:23,-07:00,2025-10-24T20:00:23-07:00,1,23
style.css,261,css,a52c37b7,Su Love Wai,2025-10-24,20:00:23,-07:00,2025-10-24T20:00:23-07:00,0,0
style.css,262,css,a52c37b7,Su Love Wai,2025-10-24,20:00:23,-07:00,2025-10-24T20:00:23-07:00,0,35
style.css,263,css,a52c37b7,Su Love Wai,2025-10-24,20:00:23,-07:00,2025-10-24T20:00:23-07:00,1,5
style.css,264,css,a52c37b7,Su Love Wai,2025-10-24,20:00:23,-07:00,2025-10-24T20:00:23-07:00,2,19
style.css,265,css,a52c37b7,Su Love Wai,2025-10-24,20:00:23,-07:00,2025-10-24T20:00:23-07:00,2,35
style.css,266,css,a52c37b7,Su Love Wai,2025-10-24,20:00:23,-07:00,2025-10-24T20:00:23-07:00,1,0
style.css,267,css,a52c37b7,Su Love Wai,2025-10-24,20:00:23,-07:00,2025-10-24T20:00:23-07:00,0,0
style.css,268,css,a52c37b7,Su Love Wai,2025-10-24,20:00:23,-07:00,2025-10-24T20:00:23-07:00,0,36
style.css,269,css,a52c37b7,Su Love Wai,2025-10-24,20:00:23,-07:00,2025-10-24T20:00:23-07:00,1,5
style.css,270,css,a52c37b7,Su Love Wai,2025-10-24,20:00:23,-07:00,2025-10-24T20:00:23-07:00,2,19
style.css,271,css,a52c37b7,Su Love Wai,2025-10-24,20:00:23,-07:00,2025-10-24T20:00:23-07:00,2,29
style.css,272,css,a52c37b7,Su Love Wai,2025-10-24,20:00:23,-07:00,2025-10-24T20:00:23-07:00,1,0
style.css,273,css,a52c37b7,Su Love Wai,2025-10-24,20:00:23,-07:00,2025-10-24T20:00:23-07:00,0,0
style.css,274,css,a52c37b7,Su Love Wai,2025-10-24,20:00:23,-07:00,2025-10-24T20:00:23-07:00,0,0
style.css,275,css,a52c37b7,Su Love Wai,2025-10-24,20:00:23,-07:00,2025-10-24T20:00:23-07:00,0,34
style.css,276,css,a52c37b7,Su Love Wai,2025-10-24,20:00:23,-07:00,2025-10-24T20:00:23-07:00,0,16
style.css,277,css,a52c37b7,Su Love Wai,2025-10-24,20:00:23,-07:00,2025-10-24T20:00:23-07:00,1,12
style.css,278,css,a52c37b7,Su Love Wai,2025-10-24,20:00:23,-07:00,2025-10-24T20:00:23-07:00,1,58
style.css,279,css,a52c37b7,Su Love Wai,2025-10-24,20:00:23,-07:00,2025-10-24T20:00:23-07:00,1,10
style.css,280,css,a52c37b7,Su Love Wai,2025-10-24,20:00:23,-07:00,2025-10-24T20:00:23-07:00,1,15
style.css,281,css,a52c37b7,Su Love Wai,2025-10-24,20:00:23,-07:00,2025-10-24T20:00:23-07:00,0,0
style.css,282,css,569e8e57,Su Love Wai,2025-10-31,21:40:29,-07:00,2025-10-31T21:40:29-07:00,0,0
style.css,283,css,569e8e57,Su Love Wai,2025-10-31,21:40:29,-07:00,2025-10-31T21:40:29-07:00,0,5
style.css,284,css,569e8e57,Su Love Wai,2025-10-31,21:40:29,-07:00,2025-10-31T21:40:29-07:00,1,10
style.css,285,css,569e8e57,Su Love Wai,2025-10-31,21:40:29,-07:00,2025-10-31T21:40:29-07:00,1,30
style.css,286,css,569e8e57,Su Love Wai,2025-10-31,21:40:29,-07:00,2025-10-31T21:40:29-07:00,1,34
style.css,287,css,569e8e57,Su Love Wai,2025-10-31,21:40:29,-07:00,2025-10-31T21:40:29-07:00,1,16
style.css,288,css,569e8e57,Su Love Wai,2025-10-31,21:40:29,-07:00,2025-10-31T21:40:29-07:00,0,0
style.css,289,css,569e8e57,Su Love Wai,2025-10-31,21:40:29,-07:00,2025-10-31T21:40:29-07:00,0,0
style.css,290,css,569e8e57,Su Love Wai,2025-10-31,21:40:29,-07:00,2025-10-31T21:40:29-07:00,0,18
style.css,291,css,569e8e57,Su Love Wai,2025-10-31,21:40:29,-07:00,2025-10-31T21:40:29-07:00,1,15
style.css,292,css,569e8e57,Su Love Wai,2025-10-31,21:40:29,-07:00,2025-10-31T21:40:29-07:00,1,15
style.css,293,css,569e8e57,Su Love Wai,2025-10-31,21:40:29,-07:00,2025-10-31T21:40:29-07:00,1,13
style.css,294,css,569e8e57,Su Love Wai,2025-10-31,21:40:29,-07:00,2025-10-31T21:40:29-07:00,1,16
style.css,295,css,569e8e57,Su Love Wai,2025-10-31,21:40:29,-07:00,2025-10-31T21:40:29-07:00,1,24
style.css,296,css,569e8e57,Su Love Wai,2025-10-31,21:40:29,-07:00,2025-10-31T21:40:29-07:00,0,0
style.css,297,css,569e8e57,Su Love Wai,2025-10-31,21:40:29,-07:00,2025-10-31T21:40:29-07:00,0,0
style.css,298,css,569e8e57,Su Love Wai,2025-10-31,21:40:29,-07:00,2025-10-31T21:40:29-07:00,0,10
style.css,299,css,569e8e57,Su Love Wai,2025-10-31,21:40:29,-07:00,2025-10-31T21:40:29-07:00,1,12
style.css,300,css,569e8e57,Su Love Wai,2025-10-31,21:40:29,-07:00,2025-10-31T21:40:29-07:00,1,22
style.css,301,css,569e8e57,Su Love Wai,2025-10-31,21:40:29,-07:00,2025-10-31T21:40:29-07:00,1,7
style.css,302,css,569e8e57,Su Love Wai,2025-10-31,21:40:29,-07:00,2025-10-31T21:40:29-07:00,1,22
style.css,303,css,569e8e57,Su Love Wai,2025-10-31,21:40:29,-07:00,2025-10-31T21:40:29-07:00,1,14
style.css,304,css,569e8e57,Su Love Wai,2025-10-31,21:40:29,-07:00,2025-10-31T21:40:29-07:00,0,0
style.css,305,css,569e8e57,Su Love Wai,2025-10-31,21:40:29,-07:00,2025-10-31T21:40:29-07:00,0,0
style.css,306,css,569e8e57,Su Love Wai,2025-10-31,21:40:29,-07:00,2025-10-31T21:40:29-07:00,0,7
style.css,307,css,569e8e57,Su Love Wai,2025-10-31,21:40:29,-07:00,2025-10-31T21:40:29-07:00,1,12
style.css,308,css,569e8e57,Su Love Wai,2025-10-31,21:40:29,-07:00,2025-10-31T21:40:29-07:00,1,57
style.css,309,css,569e8e57,Su Love Wai,2025-10-31,21:40:29,-07:00,2025-10-31T21:40:29-07:00,1,21
style.css,310,css,569e8e57,Su Love Wai,2025-10-31,21:40:29,-07:00,2025-10-31T21:40:29-07:00,1,11
style.css,311,css,569e8e57,Su Love Wai,2025-10-31,21:40:29,-07:00,2025-10-31T21:40:29-07:00,1,9
style.css,312,css,569e8e57,Su Love Wai,2025-10-31,21:40:29,-07:00,2025-10-31T21:40:29-07:00,1,15
style.css,313,css,569e8e57,Su Love Wai,2025-10-31,21:40:29,-07:00,2025-10-31T21:40:29-07:00,1,8
style.css,314,css,569e8e57,Su Love Wai,2025-10-31,21:40:29,-07:00,2025-10-31T21:40:29-07:00,0,0
style.css,315,css,569e8e57,Su Love Wai,2025-10-31,21:40:29,-07:00,2025-10-31T21:40:29-07:00,0,0
style.css,316,css,569e8e57,Su Love Wai,2025-10-31,21:40:29,-07:00,2025-10-31T21:40:29-07:00,0,10
style.css,317,css,569e8e57,Su Love Wai,2025-10-31,21:40:29,-07:00,2025-10-31T21:40:29-07:00,1,12
style.css,318,css,569e8e57,Su Love Wai,2025-10-31,21:40:29,-07:00,2025-10-31T21:40:29-07:00,1,18
style.css,319,css,569e8e57,Su Love Wai,2025-10-31,21:40:29,-07:00,2025-10-31T21:40:29-07:00,1,9
style.css,320,css,569e8e57,Su Love Wai,2025-10-31,21:40:29,-07:00,2025-10-31T21:40:29-07:00,0,0
style.css,321,css,569e8e57,Su Love Wai,2025-10-31,21:40:29,-07:00,2025-10-31T21:40:29-07:00,0,0
style.css,322,css,569e8e57,Su Love Wai,2025-10-31,21:40:29,-07:00,2025-10-31T21:40:29-07:00,0,7
style.css,323,css,569e8e57,Su Love Wai,2025-10-31,21:40:29,-07:00,2025-10-31T21:40:29-07:00,1,20
style.css,324,css,569e8e57,Su Love Wai,2025-10-31,21:40:29,-07:00,2025-10-31T21:40:29-07:00,1,9
style.css,325,css,569e8e57,Su Love Wai,2025-10-31,21:40:29,-07:00,2025-10-31T21:40:29-07:00,1,10
style.css,326,css,569e8e57,Su Love Wai,2025-10-31,21:40:29,-07:00,2025-10-31T21:40:29-07:00,1,29
style.css,327,css,569e8e57,Su Love Wai,2025-10-31,21:40:29,-07:00,2025-10-31T21:40:29-07:00,1,17
style.css,328,css,569e8e57,Su Love Wai,2025-10-31,21:40:29,-07:00,2025-10-31T21:40:29-07:00,0,0
style.css,329,css,569e8e57,Su Love Wai,2025-10-31,21:40:29,-07:00,2025-10-31T21:40:29-07:00,0,0
style.css,330,css,569e8e57,Su Love Wai,2025-10-31,21:40:29,-07:00,2025-10-31T21:40:29-07:00,0,10
style.css,331,css,569e8e57,Su Love Wai,2025-10-31,21:40:29,-07:00,2025-10-31T21:40:29-07:00,1,13
style.css,332,css,569e8e57,Su Love Wai,2025-10-31,21:40:29,-07:00,2025-10-31T21:40:29-07:00,1,12
style.css,333,css,569e8e57,Su Love Wai,2025-10-31,21:40:29,-07:00,2025-10-31T21:40:29-07:00,1,13
style.css,334,css,569e8e57,Su Love Wai,2025-10-31,21:40:29,-07:00,2025-10-31T21:40:29-07:00,1,10
style.css,335,css,569e8e57,Su Love Wai,2025-10-31,21:40:29,-07:00,2025-10-31T21:40:29-07:00,1,15
style.css,336,css,569e8e57,Su Love Wai,2025-10-31,21:40:29,-07:00,2025-10-31T21:40:29-07:00,0,0
style.css,337,css,569e8e57,Su Love Wai,2025-10-31,21:40:29,-07:00,2025-10-31T21:40:29-07:00,0,0
style.css,338,css,569e8e57,Su Love Wai,2025-10-31,21:40:29,-07:00,2025-10-31T21:40:29-07:00,0,4
style.css,339,css,569e8e57,Su Love Wai,2025-10-31,21:40:29,-07:00,2025-10-31T21:40:29-07:00,1,14
style.css,340,css,569e8e57,Su Love Wai,2025-10-31,21:40:29,-07:00,2025-10-31T21:40:29-07:00,1,16
style.css,341,css,569e8e57,Su Love Wai,2025-10-31,21:40:29,-07:00,2025-10-31T21:40:29-07:00,0,0
style.css,342,css,569e8e57,Su Love Wai,2025-10-31,21:40:29,-07:00,2025-10-31T21:40:29-07:00,0,0
style.css,343,css,569e8e57,Su Love Wai,2025-10-31,21:40:29,-07:00,2025-10-31T21:40:29-07:00,0,36
style.css,344,css,569e8e57,Su Love Wai,2025-10-31,21:40:29,-07:00,2025-10-31T21:40:29-07:00,1,11
style.css,345,css,569e8e57,Su Love Wai,2025-10-31,21:40:29,-07:00,2025-10-31T21:40:29-07:00,0,0
style.css,346,css,569e8e57,Su Love Wai,2025-10-31,21:40:29,-07:00,2025-10-31T21:40:29-07:00,0,0
style.css,347,css,569e8e57,Su Love Wai,2025-10-31,21:40:29,-07:00,2025-10-31T21:40:29-07:00,0,9
style.css,348,css,569e8e57,Su Love Wai,2025-10-31,21:40:29,-07:00,2025-10-31T21:40:29-07:00,1,35
style.css,349,css,569e8e57,Su Love Wai,2025-10-31,21:40:29,-07:00,2025-10-31T21:40:29-07:00,0,0
style.css,350,css,569e8e57,Su Love Wai,2025-10-31,21:40:29,-07:00,2025-10-31T21:40:29-07:00,0,0
style.css,351,css,569e8e57,Su Love Wai,2025-10-31,21:40:29,-07:00,2025-10-31T21:40:29-07:00,0,18
style.css,352,css,569e8e57,Su Love Wai,2025-10-31,21:40:29,-07:00,2025-10-31T21:40:29-07:00,1,17
style.css,353,css,569e8e57,Su Love Wai,2025-10-31,21:40:29,-07:00,2025-10-31T21:40:29-07:00,0,0
style.css,354,css,569e8e57,Su Love Wai,2025-10-31,21:40:29,-07:00,2025-10-31T21:40:29-07:00,0,0
style.css,355,css,569e8e57,Su Love Wai,2025-10-31,21:40:29,-07:00,2025-10-31T21:40:29-07:00,0,16
style.css,356,css,569e8e57,Su Love Wai,2025-10-31,21:40:29,-07:00,2025-10-31T21:40:29-07:00,1,29
style.css,357,css,569e8e57,Su Love Wai,2025-10-31,21:40:29,-07:00,2025-10-31T21:40:29-07:00,1,11
style.css,358,css,569e8e57,Su Love Wai,2025-10-31,21:40:29,-07:00,2025-10-31T21:40:29-07:00,1,17
style.css,359,css,569e8e57,Su Love Wai,2025-10-31,21:40:29,-07:00,2025-10-31T21:40:29-07:00,1,19
style.css,360,css,569e8e57,Su Love Wai,2025-10-31,21:40:29,-07:00,2025-10-31T21:40:29-07:00,0,0
index.js,1,js,a52c37b7,Su Love Wai,2025-10-24,20:00:23,-07:00,2025-10-24T20:00:23-07:00,0,71
index.js,2,js,a52c37b7,Su Love Wai,2025-10-24,20:00:23,-07:00,2025-10-24T20:00:23-07:00,0,0
index.js,3,js,a52c37b7,Su Love Wai,2025-10-24,20:00:23,-07:00,2025-10-24T20:00:23-07:00,0,33
index.js,4,js,a52c37b7,Su Love Wai,2025-10-24,20:00:23,-07:00,2025-10-24T20:00:23-07:00,0,35
index.js,5,js,82e93c5e,Su Love Wai,2025-10-24,20:15:06,-07:00,2025-10-24T20:15:06-07:00,1,14
index.js,6,js,82e93c5e,Su Love Wai,2025-10-24,20:15:06,-07:00,2025-10-24T20:15:06-07:00,2,44
index.js,7,js,82e93c5e,Su Love Wai,2025-10-24,20:15:06,-07:00,2025-10-24T20:15:06-07:00,3,30
index.js,8,js,82e93c5e,Su Love Wai,2025-10-24,20:15:06,-07:00,2025-10-24T20:15:06-07:00,3,22
index.js,9,js,82e93c5e,Su Love Wai,2025-10-24,20:15:06,-07:00,2025-10-24T20:15:06-07:00,0,0
index.js,10,js,82e93c5e,Su Love Wai,2025-10-24,20:15:06,-07:00,2025-10-24T20:15:06-07:00,1,41
index.js,11,js,a52c37b7,Su Love Wai,2025-10-24,20:00:23,-07:00,2025-10-24T20:00:23-07:00,1,20
index.js,12,js,a52c37b7,Su Love Wai,2025-10-24,20:00:23,-07:00,2025-10-24T20:00:23-07:00,0,0
index.js,13,js,a52c37b7,Su Love Wai,2025-10-24,20:00:23,-07:00,2025-10-24T20:00:23-07:00,1,39
index.js,14,js,a52c37b7,Su Love Wai,2025-10-24,20:00:23,-07:00,2025-10-24T20:00:23-07:00,1,59
index.js,15,js,a52c37b7,Su Love Wai,2025-10-24,20:00:23,-07:00,2025-10-24T20:00:23-07:00,1,43
index.js,16,js,a52c37b7,Su Love Wai,2025-10-24,20:00:23,-07:00,2025-10-24T20:00:23-07:00,0,0
index.js,17,js,a52c37b7,Su Love Wai,2025-10-24,20:00:23,-07:00,2025-10-24T20:00:23-07:00,0,0
index.js,18,js,a52c37b7,Su Love Wai,2025-10-24,20:00:23,-07:00,2025-10-24T20:00:23-07:00,0,30
index.js,19,js,a52c37b7,Su Love Wai,2025-10-24,20:00:23,-07:00,2025-10-24T20:00:23-07:00,0,32
index.js,20,js,a52c37b7,Su Love Wai,2025-10-24,20:00:23,-07:00,2025-10-24T20:00:23-07:00,1,54
index.js,21,js,a52c37b7,Su Love Wai,2025-10-24,20:00:23,-07:00,2025-10-24T20:00:23-07:00,1,22
index.js,22,js,a52c37b7,Su Love Wai,2025-10-24,20:00:23,-07:00,2025-10-24T20:00:23-07:00,0,0
index.js,23,js,a52c37b7,Su Love Wai,2025-10-24,20:00:23,-07:00,2025-10-24T20:00:23-07:00,1,60
index.js,24,js,a52c37b7,Su Love Wai,2025-10-24,20:00:23,-07:00,2025-10-24T20:00:23-07:00,1,17
index.js,25,js,a52c37b7,Su Love Wai,2025-10-24,20:00:23,-07:00,2025-10-24T20:00:23-07:00,2,24
index.js,26,js,a52c37b7,Su Love Wai,2025-10-24,20:00:23,-07:00,2025-10-24T20:00:23-07:00,3,30
index.js,27,js,82e93c5e,Su Love Wai,2025-10-24,20:15:06,-07:00,2025-10-24T20:15:06-07:00,4,59
index.js,28,js,82e93c5e,Su Love Wai,2025-10-24,20:15:06,-07:00,2025-10-24T20:15:06-07:00,5,58
index.js,29,js,82e93c5e,Su Love Wai,2025-10-24,20:15:06,-07:00,2025-10-24T20:15:06-07:00,4,30
index.js,30,js,82e93c5e,Su Love Wai,2025-10-24,20:15:06,-07:00,2025-10-24T20:15:06-07:00,5,70
index.js,31,js,82e93c5e,Su Love Wai,2025-10-24,20:15:06,-07:00,2025-10-24T20:15:06-07:00,4,2
index.js,32,js,a52c37b7,Su Love Wai,2025-10-24,20:00:23,-07:00,2025-10-24T20:00:23-07:00,3,4
index.js,33,js,a52c37b7,Su Love Wai,2025-10-24,20:00:23,-07:00,2025-10-24T20:00:23-07:00,3,27
index.js,34,js,a52c37b7,Su Love Wai,2025-10-24,20:00:23,-07:00,2025-10-24T20:00:23-07:00,4,55
index.js,35,js,a52c37b7,Su Love Wai,2025-10-24,20:00:23,-07:00,2025-10-24T20:00:23-07:00,4,55
index.js,36,js,a52c37b7,Su Love Wai,2025-10-24,20:00:23,-07:00,2025-10-24T20:00:23-07:00,4,49
index.js,37,js,a52c37b7,Su Love Wai,2025-10-24,20:00:23,-07:00,2025-10-24T20:00:23-07:00,4,49
index.js,38,js,a52c37b7,Su Love Wai,2025-10-24,20:00:23,-07:00,2025-10-24T20:00:23-07:00,3,3
index.js,39,js,a52c37b7,Su Love Wai,2025-10-24,20:00:23,-07:00,2025-10-24T20:00:23-07:00,2,0
index.js,40,js,a52c37b7,Su Love Wai,2025-10-24,20:00:23,-07:00,2025-10-24T20:00:23-07:00,1,0
index.js,41,js,a52c37b7,Su Love Wai,2025-10-24,20:00:23,-07:00,2025-10-24T20:00:23-07:00,0,0
index.js,42,js,a52c37b7,Su Love Wai,2025-10-24,20:00:23,-07:00,2025-10-24T20:00:23-07:00,0,0
index.js,43,js,a52c37b7,Su Love Wai,2025-10-24,20:00:23,-07:00,2025-10-24T20:00:23-07:00,0,19
index.js,44,js,a52c37b7,Su Love Wai,2025-10-24,20:00:23,-07:00,2025-10-24T20:00:23-07:00,0,16
index.html,1,html,88210f7f,Su Love Wai,2025-10-01,16:47:15,-07:00,2025-10-01T16:47:15-07:00,0,13
index.html,2,html,88210f7f,Su Love Wai,2025-10-01,16:47:15,-07:00,2025-10-01T16:47:15-07:00,0,14
index.html,3,html,88210f7f,Su Love Wai,2025-10-01,16:47:15,-07:00,2025-10-01T16:47:15-07:00,0,4
index.html,4,html,88210f7f,Su Love Wai,2025-10-01,16:47:15,-07:00,2025-10-01T16:47:15-07:00,2,20
index.html,5,html,88210f7f,Su Love Wai,2025-10-01,16:47:15,-07:00,2025-10-01T16:47:15-07:00,2,68
index.html,6,html,88210f7f,Su Love Wai,2025-10-01,16:47:15,-07:00,2025-10-01T16:47:15-07:00,2,53
index.html,7,html,162e2724,Su Love Wai,2025-10-03,18:33:19,-07:00,2025-10-03T18:33:19-07:00,2,38
index.html,8,html,88210f7f,Su Love Wai,2025-10-01,16:47:15,-07:00,2025-10-01T16:47:15-07:00,0,5
index.html,9,html,95620031,Su Love Wai,2025-10-17,12:49:53,-07:00,2025-10-17T12:49:53-07:00,0,4
index.html,10,html,80e4f860,Su Love Wai,2025-10-17,13:08:50,-07:00,2025-10-17T13:08:50-07:00,0,0
index.html,11,html,88210f7f,Su Love Wai,2025-10-01,16:47:15,-07:00,2025-10-01T16:47:15-07:00,1,18
index.html,12,html,88210f7f,Su Love Wai,2025-10-01,16:47:15,-07:00,2025-10-01T16:47:15-07:00,1,171
index.html,13,html,162e2724,Su Love Wai,2025-10-03,18:33:19,-07:00,2025-10-03T18:33:19-07:00,1,99
index.html,14,html,80e4f860,Su Love Wai,2025-10-17,13:08:50,-07:00,2025-10-17T13:08:50-07:00,0,0
index.html,15,html,a52c37b7,Su Love Wai,2025-10-24,20:00:23,-07:00,2025-10-24T20:00:23-07:00,1,22
index.html,16,html,a52c37b7,Su Love Wai,2025-10-24,20:00:23,-07:00,2025-10-24T20:00:23-07:00,0,33
index.html,17,html,a52c37b7,Su Love Wai,2025-10-24,20:00:23,-07:00,2025-10-24T20:00:23-07:00,0,0
index.html,18,html,a52c37b7,Su Love Wai,2025-10-24,20:00:23,-07:00,2025-10-24T20:00:23-07:00,0,22
index.html,19,html,a52c37b7,Su Love Wai,2025-10-24,20:00:23,-07:00,2025-10-24T20:00:23-07:00,0,28
index.html,20,html,a52c37b7,Su Love Wai,2025-10-24,20:00:23,-07:00,2025-10-24T20:00:23-07:00,0,0
index.html,21,html,80e4f860,Su Love Wai,2025-10-17,13:08:50,-07:00,2025-10-17T13:08:50-07:00,1,45
index.html,22,html,a52c37b7,Su Love Wai,2025-10-24,20:00:23,-07:00,2025-10-24T20:00:23-07:00,1,46
index.html,23,html,88210f7f,Su Love Wai,2025-10-01,16:47:15,-07:00,2025-10-01T16:47:15-07:00,0,5
index.html,24,html,80e4f860,Su Love Wai,2025-10-17,13:08:50,-07:00,2025-10-17T13:08:50-07:00,0,5
index.html,25,html,a52c37b7,Su Love Wai,2025-10-24,20:00:23,-07:00,2025-10-24T20:00:23-07:00,0,0
global.js,1,js,95620031,Su Love Wai,2025-10-17,12:49:53,-07:00,2025-10-17T12:49:53-07:00,0,25
global.js,2,js,95620031,Su Love Wai,2025-10-17,12:49:53,-07:00,2025-10-17T12:49:53-07:00,0,0
global.js,3,js,95620031,Su Love Wai,2025-10-17,12:49:53,-07:00,2025-10-17T12:49:53-07:00,0,41
global.js,4,js,95620031,Su Love Wai,2025-10-17,12:49:53,-07:00,2025-10-17T12:49:53-07:00,1,52
global.js,5,js,95620031,Su Love Wai,2025-10-17,12:49:53,-07:00,2025-10-17T12:49:53-07:00,0,0
global.js,6,js,95620031,Su Love Wai,2025-10-17,12:49:53,-07:00,2025-10-17T12:49:53-07:00,0,0
global.js,7,js,95620031,Su Love Wai,2025-10-17,12:49:53,-07:00,2025-10-17T12:49:53-07:00,0,11
global.js,8,js,95620031,Su Love Wai,2025-10-17,12:49:53,-07:00,2025-10-17T12:49:53-07:00,1,25
global.js,9,js,95620031,Su Love Wai,2025-10-17,12:49:53,-07:00,2025-10-17T12:49:53-07:00,1,38
global.js,10,js,95620031,Su Love Wai,2025-10-17,12:49:53,-07:00,2025-10-17T12:49:53-07:00,1,36
global.js,11,js,95620031,Su Love Wai,2025-10-17,12:49:53,-07:00,2025-10-17T12:49:53-07:00,1,26
global.js,12,js,95620031,Su Love Wai,2025-10-17,12:49:53,-07:00,2025-10-17T12:49:53-07:00,1,56
global.js,13,js,95620031,Su Love Wai,2025-10-17,12:49:53,-07:00,2025-10-17T12:49:53-07:00,0,0
global.js,14,js,95620031,Su Love Wai,2025-10-17,12:49:53,-07:00,2025-10-17T12:49:53-07:00,0,0
global.js,15,js,95620031,Su Love Wai,2025-10-17,12:49:53,-07:00,2025-10-17T12:49:53-07:00,0,15
global.js,16,js,95620031,Su Love Wai,2025-10-17,12:49:53,-07:00,2025-10-17T12:49:53-07:00,1,68
global.js,17,js,95620031,Su Love Wai,2025-10-17,12:49:53,-07:00,2025-10-17T12:49:53-07:00,2,3
global.js,18,js,ca6769e7,Su Love Wai,2025-10-17,12:59:59,-07:00,2025-10-17T12:59:59-07:00,2,14
global.js,19,js,95620031,Su Love Wai,2025-10-17,12:49:53,-07:00,2025-10-17T12:49:53-07:00,0,0
global.js,20,js,95620031,Su Love Wai,2025-10-17,12:49:53,-07:00,2025-10-17T12:49:53-07:00,0,38
global.js,21,js,95620031,Su Love Wai,2025-10-17,12:49:53,-07:00,2025-10-17T12:49:53-07:00,0,25
global.js,22,js,95620031,Su Love Wai,2025-10-17,12:49:53,-07:00,2025-10-17T12:49:53-07:00,0,0
global.js,23,js,95620031,Su Love Wai,2025-10-17,12:49:53,-07:00,2025-10-17T12:49:53-07:00,0,20
global.js,24,js,95620031,Su Love Wai,2025-10-17,12:49:53,-07:00,2025-10-17T12:49:53-07:00,1,14
global.js,25,js,95620031,Su Love Wai,2025-10-17,12:49:53,-07:00,2025-10-17T12:49:53-07:00,1,18
global.js,26,js,95620031,Su Love Wai,2025-10-17,12:49:53,-07:00,2025-10-17T12:49:53-07:00,1,52
global.js,27,js,95620031,Su Love Wai,2025-10-17,12:49:53,-07:00,2025-10-17T12:49:53-07:00,1,34
global.js,28,js,95620031,Su Love Wai,2025-10-17,12:49:53,-07:00,2025-10-17T12:49:53-07:00,1,11
global.js,29,js,95620031,Su Love Wai,2025-10-17,12:49:53,-07:00,2025-10-17T12:49:53-07:00,1,20
global.js,30,js,95620031,Su Love Wai,2025-10-17,12:49:53,-07:00,2025-10-17T12:49:53-07:00,1,17
global.js,31,js,95620031,Su Love Wai,2025-10-17,12:49:53,-07:00,2025-10-17T12:49:53-07:00,2,8
global.js,32,js,95620031,Su Love Wai,2025-10-17,12:49:53,-07:00,2025-10-17T12:49:53-07:00,2,58
global.js,33,js,95620031,Su Love Wai,2025-10-17,12:49:53,-07:00,2025-10-17T12:49:53-07:00,1,0
global.js,34,js,95620031,Su Love Wai,2025-10-17,12:49:53,-07:00,2025-10-17T12:49:53-07:00,1,52
global.js,35,js,95620031,Su Love Wai,2025-10-17,12:49:53,-07:00,2025-10-17T12:49:53-07:00,1,12
global.js,36,js,95620031,Su Love Wai,2025-10-17,12:49:53,-07:00,2025-10-17T12:49:53-07:00,0,0
global.js,37,js,95620031,Su Love Wai,2025-10-17,12:49:53,-07:00,2025-10-17T12:49:53-07:00,0,0
global.js,38,js,95620031,Su Love Wai,2025-10-17,12:49:53,-07:00,2025-10-17T12:49:53-07:00,0,29
global.js,39,js,95620031,Su Love Wai,2025-10-17,12:49:53,-07:00,2025-10-17T12:49:53-07:00,0,31
global.js,40,js,95620031,Su Love Wai,2025-10-17,12:49:53,-07:00,2025-10-17T12:49:53-07:00,1,11
global.js,41,js,95620031,Su Love Wai,2025-10-17,12:49:53,-07:00,2025-10-17T12:49:53-07:00,1,0
global.js,42,js,95620031,Su Love Wai,2025-10-17,12:49:53,-07:00,2025-10-17T12:49:53-07:00,1,26
global.js,43,js,95620031,Su Love Wai,2025-10-17,12:49:53,-07:00,2025-10-17T12:49:53-07:00,2,4
global.js,44,js,95620031,Su Love Wai,2025-10-17,12:49:53,-07:00,2025-10-17T12:49:53-07:00,2,6
global.js,45,js,95620031,Su Love Wai,2025-10-17,12:49:53,-07:00,2025-10-17T12:49:53-07:00,3,43
global.js,46,js,95620031,Su Love Wai,2025-10-17,12:49:53,-07:00,2025-10-17T12:49:53-07:00,3,34
global.js,47,js,95620031,Su Love Wai,2025-10-17,12:49:53,-07:00,2025-10-17T12:49:53-07:00,3,32
global.js,48,js,95620031,Su Love Wai,2025-10-17,12:49:53,-07:00,2025-10-17T12:49:53-07:00,2,7
global.js,49,js,95620031,Su Love Wai,2025-10-17,12:49:53,-07:00,2025-10-17T12:49:53-07:00,1,6
global.js,50,js,95620031,Su Love Wai,2025-10-17,12:49:53,-07:00,2025-10-17T12:49:53-07:00,0,0
global.js,51,js,95620031,Su Love Wai,2025-10-17,12:49:53,-07:00,2025-10-17T12:49:53-07:00,0,0
global.js,52,js,95620031,Su Love Wai,2025-10-17,12:49:53,-07:00,2025-10-17T12:49:53-07:00,0,0
global.js,53,js,95620031,Su Love Wai,2025-10-17,12:49:53,-07:00,2025-10-17T12:49:53-07:00,0,60
global.js,54,js,95620031,Su Love Wai,2025-10-17,12:49:53,-07:00,2025-10-17T12:49:53-07:00,0,0
global.js,55,js,95620031,Su Love Wai,2025-10-17,12:49:53,-07:00,2025-10-17T12:49:53-07:00,0,31
global.js,56,js,95620031,Su Love Wai,2025-10-17,12:49:53,-07:00,2025-10-17T12:49:53-07:00,0,30
global.js,57,js,95620031,Su Love Wai,2025-10-17,12:49:53,-07:00,2025-10-17T12:49:53-07:00,1,64
global.js,58,js,95620031,Su Love Wai,2025-10-17,12:49:53,-07:00,2025-10-17T12:49:53-07:00,1,31
global.js,59,js,95620031,Su Love Wai,2025-10-17,12:49:53,-07:00,2025-10-17T12:49:53-07:00,1,19
global.js,60,js,95620031,Su Love Wai,2025-10-17,12:49:53,-07:00,2025-10-17T12:49:53-07:00,0,0
global.js,61,js,95620031,Su Love Wai,2025-10-17,12:49:53,-07:00,2025-10-17T12:49:53-07:00,0,0
global.js,62,js,95620031,Su Love Wai,2025-10-17,12:49:53,-07:00,2025-10-17T12:49:53-07:00,0,33
global.js,63,js,95620031,Su Love Wai,2025-10-17,12:49:53,-07:00,2025-10-17T12:49:53-07:00,0,34
global.js,64,js,95620031,Su Love Wai,2025-10-17,12:49:53,-07:00,2025-10-17T12:49:53-07:00,1,39
global.js,65,js,95620031,Su Love Wai,2025-10-17,12:49:53,-07:00,2025-10-17T12:49:53-07:00,0,6
global.js,66,js,95620031,Su Love Wai,2025-10-17,12:49:53,-07:00,2025-10-17T12:49:53-07:00,1,27
global.js,67,js,95620031,Su Love Wai,2025-10-17,12:49:53,-07:00,2025-10-17T12:49:53-07:00,0,0
global.js,68,js,95620031,Su Love Wai,2025-10-17,12:49:53,-07:00,2025-10-17T12:49:53-07:00,0,0
global.js,69,js,95620031,Su Love Wai,2025-10-17,12:49:53,-07:00,2025-10-17T12:49:53-07:00,0,27
global.js,70,js,95620031,Su Love Wai,2025-10-17,12:49:53,-07:00,2025-10-17T12:49:53-07:00,0,39
global.js,71,js,95620031,Su Love Wai,2025-10-17,12:49:53,-07:00,2025-10-17T12:49:53-07:00,1,29
global.js,72,js,95620031,Su Love Wai,2025-10-17,12:49:53,-07:00,2025-10-17T12:49:53-07:00,0,1
global.js,73,js,95620031,Su Love Wai,2025-10-17,12:49:53,-07:00,2025-10-17T12:49:53-07:00,0,0
global.js,74,js,95620031,Su Love Wai,2025-10-17,12:49:53,-07:00,2025-10-17T12:49:53-07:00,0,0
global.js,75,js,95620031,Su Love Wai,2025-10-17,12:49:53,-07:00,2025-10-17T12:49:53-07:00,0,29
global.js,76,js,95620031,Su Love Wai,2025-10-17,12:49:53,-07:00,2025-10-17T12:49:53-07:00,0,42
global.js,77,js,95620031,Su Love Wai,2025-10-17,12:49:53,-07:00,2025-10-17T12:49:53-07:00,0,0
global.js,78,js,95620031,Su Love Wai,2025-10-17,12:49:53,-07:00,2025-10-17T12:49:53-07:00,0,43
global.js,79,js,95620031,Su Love Wai,2025-10-17,12:49:53,-07:00,2025-10-17T12:49:53-07:00,1,21
global.js,80,js,95620031,Su Love Wai,2025-10-17,12:49:53,-07:00,2025-10-17T12:49:53-07:00,0,0
global.js,81,js,95620031,Su Love Wai,2025-10-17,12:49:53,-07:00,2025-10-17T12:49:53-07:00,1,30
global.js,82,js,95620031,Su Love Wai,2025-10-17,12:49:53,-07:00,2025-10-17T12:49:53-07:00,1,14
global.js,83,js,95620031,Su Love Wai,2025-10-17,12:49:53,-07:00,2025-10-17T12:49:53-07:00,0,0
global.js,84,js,95620031,Su Love Wai,2025-10-17,12:49:53,-07:00,2025-10-17T12:49:53-07:00,1,31
global.js,85,js,95620031,Su Love Wai,2025-10-17,12:49:53,-07:00,2025-10-17T12:49:53-07:00,2,50
global.js,86,js,95620031,Su Love Wai,2025-10-17,12:49:53,-07:00,2025-10-17T12:49:53-07:00,1,0
global.js,87,js,95620031,Su Love Wai,2025-10-17,12:49:53,-07:00,2025-10-17T12:49:53-07:00,0,0
global.js,88,js,95620031,Su Love Wai,2025-10-17,12:49:53,-07:00,2025-10-17T12:49:53-07:00,1,47
global.js,89,js,95620031,Su Love Wai,2025-10-17,12:49:53,-07:00,2025-10-17T12:49:53-07:00,1,18
global.js,90,js,95620031,Su Love Wai,2025-10-17,12:49:53,-07:00,2025-10-17T12:49:53-07:00,0,1
global.js,91,js,95620031,Su Love Wai,2025-10-17,12:49:53,-07:00,2025-10-17T12:49:53-07:00,0,0
global.js,92,js,a52c37b7,Su Love Wai,2025-10-24,20:00:23,-07:00,2025-10-24T20:00:23-07:00,0,30
global.js,93,js,a52c37b7,Su Love Wai,2025-10-24,20:00:23,-07:00,2025-10-24T20:00:23-07:00,0,36
global.js,94,js,a52c37b7,Su Love Wai,2025-10-24,20:00:23,-07:00,2025-10-24T20:00:23-07:00,1,3
global.js,95,js,a52c37b7,Su Love Wai,2025-10-24,20:00:23,-07:00,2025-10-24T20:00:23-07:00,2,32
global.js,96,js,a52c37b7,Su Love Wai,2025-10-24,20:00:23,-07:00,2025-10-24T20:00:23-07:00,0,0
global.js,97,js,a52c37b7,Su Love Wai,2025-10-24,20:00:23,-07:00,2025-10-24T20:00:23-07:00,2,17
global.js,98,js,a52c37b7,Su Love Wai,2025-10-24,20:00:23,-07:00,2025-10-24T20:00:23-07:00,3,57
global.js,99,js,a52c37b7,Su Love Wai,2025-10-24,20:00:23,-07:00,2025-10-24T20:00:23-07:00,2,0
global.js,100,js,a52c37b7,Su Love Wai,2025-10-24,20:00:23,-07:00,2025-10-24T20:00:23-07:00,0,0
global.js,101,js,a52c37b7,Su Love Wai,2025-10-24,20:00:23,-07:00,2025-10-24T20:00:23-07:00,2,27
global.js,102,js,a52c37b7,Su Love Wai,2025-10-24,20:00:23,-07:00,2025-10-24T20:00:23-07:00,1,13
global.js,103,js,a52c37b7,Su Love Wai,2025-10-24,20:00:23,-07:00,2025-10-24T20:00:23-07:00,2,57
global.js,104,js,a52c37b7,Su Love Wai,2025-10-24,20:00:23,-07:00,2025-10-24T20:00:23-07:00,2,10
global.js,105,js,a52c37b7,Su Love Wai,2025-10-24,20:00:23,-07:00,2025-10-24T20:00:23-07:00,1,0
global.js,106,js,a52c37b7,Su Love Wai,2025-10-24,20:00:23,-07:00,2025-10-24T20:00:23-07:00,0,0
global.js,107,js,a52c37b7,Su Love Wai,2025-10-24,20:00:23,-07:00,2025-10-24T20:00:23-07:00,0,0
global.js,108,js,a52c37b7,Su Love Wai,2025-10-24,20:00:23,-07:00,2025-10-24T20:00:23-07:00,0,26
global.js,109,js,a52c37b7,Su Love Wai,2025-10-24,20:00:23,-07:00,2025-10-24T20:00:23-07:00,0,47
global.js,110,js,a52c37b7,Su Love Wai,2025-10-24,20:00:23,-07:00,2025-10-24T20:00:23-07:00,1,59
global.js,111,js,a52c37b7,Su Love Wai,2025-10-24,20:00:23,-07:00,2025-10-24T20:00:23-07:00,0,0
global.js,112,js,a52c37b7,Su Love Wai,2025-10-24,20:00:23,-07:00,2025-10-24T20:00:23-07:00,0,0
global.js,113,js,a52c37b7,Su Love Wai,2025-10-24,20:00:23,-07:00,2025-10-24T20:00:23-07:00,0,0
global.js,114,js,a52c37b7,Su Love Wai,2025-10-24,20:00:23,-07:00,2025-10-24T20:00:23-07:00,0,28
global.js,115,js,a52c37b7,Su Love Wai,2025-10-24,20:00:23,-07:00,2025-10-24T20:00:23-07:00,0,79
global.js,116,js,a52c37b7,Su Love Wai,2025-10-24,20:00:23,-07:00,2025-10-24T20:00:23-07:00,1,30
global.js,117,js,a52c37b7,Su Love Wai,2025-10-24,20:00:23,-07:00,2025-10-24T20:00:23-07:00,1,0
global.js,118,js,a52c37b7,Su Love Wai,2025-10-24,20:00:23,-07:00,2025-10-24T20:00:23-07:00,1,29
global.js,119,js,a52c37b7,Su Love Wai,2025-10-24,20:00:23,-07:00,2025-10-24T20:00:23-07:00,2,48
global.js,120,js,a52c37b7,Su Love Wai,2025-10-24,20:00:23,-07:00,2025-10-24T20:00:23-07:00,2,19
global.js,121,js,569e8e57,Su Love Wai,2025-10-31,21:40:29,-07:00,2025-10-31T21:40:29-07:00,2,49
global.js,122,js,569e8e57,Su Love Wai,2025-10-31,21:40:29,-07:00,2025-10-31T21:40:29-07:00,2,49
global.js,123,js,569e8e57,Su Love Wai,2025-10-31,21:40:29,-07:00,2025-10-31T21:40:29-07:00,2,27
global.js,124,js,569e8e57,Su Love Wai,2025-10-31,21:40:29,-07:00,2025-10-31T21:40:29-07:00,2,33
global.js,125,js,a52c37b7,Su Love Wai,2025-10-24,20:00:23,-07:00,2025-10-24T20:00:23-07:00,2,0
global.js,126,js,569e8e57,Su Love Wai,2025-10-31,21:40:29,-07:00,2025-10-31T21:40:29-07:00,0,0
global.js,127,js,a52c37b7,Su Love Wai,2025-10-24,20:00:23,-07:00,2025-10-24T20:00:23-07:00,2,36
global.js,128,js,a52c37b7,Su Love Wai,2025-10-24,20:00:23,-07:00,2025-10-24T20:00:23-07:00,1,0
global.js,129,js,a52c37b7,Su Love Wai,2025-10-24,20:00:23,-07:00,2025-10-24T20:00:23-07:00,0,0
global.js,130,js,a52c37b7,Su Love Wai,2025-10-24,20:00:23,-07:00,2025-10-24T20:00:23-07:00,0,0
global.js,131,js,a52c37b7,Su Love Wai,2025-10-24,20:00:23,-07:00,2025-10-24T20:00:23-07:00,0,0
global.js,132,js,a52c37b7,Su Love Wai,2025-10-24,20:00:23,-07:00,2025-10-24T20:00:23-07:00,0,0
global.js,133,js,a52c37b7,Su Love Wai,2025-10-24,20:00:23,-07:00,2025-10-24T20:00:23-07:00,0,0
projects/projects.js,1,js,569e8e57,Su Love Wai,2025-10-31,21:40:29,-07:00,2025-10-31T21:40:29-07:00,0,63
projects/projects.js,2,js,569e8e57,Su Love Wai,2025-10-31,21:40:29,-07:00,2025-10-31T21:40:29-07:00,0,55
projects/projects.js,3,js,a52c37b7,Su Love Wai,2025-10-24,20:00:23,-07:00,2025-10-24T20:00:23-07:00,0,0
projects/projects.js,4,js,a52c37b7,Su Love Wai,2025-10-24,20:00:23,-07:00,2025-10-24T20:00:23-07:00,0,29
projects/projects.js,5,js,82e93c5e,Su Love Wai,2025-10-24,20:15:06,-07:00,2025-10-24T20:15:06-07:00,1,14
projects/projects.js,6,js,569e8e57,Su Love Wai,2025-10-31,21:40:29,-07:00,2025-10-31T21:40:29-07:00,2,44
projects/projects.js,7,js,569e8e57,Su Love Wai,2025-10-31,21:40:29,-07:00,2025-10-31T21:40:29-07:00,3,30
projects/projects.js,8,js,569e8e57,Su Love Wai,2025-10-31,21:40:29,-07:00,2025-10-31T21:40:29-07:00,3,23
projects/projects.js,9,js,82e93c5e,Su Love Wai,2025-10-24,20:15:06,-07:00,2025-10-24T20:15:06-07:00,0,0
projects/projects.js,10,js,82e93c5e,Su Love Wai,2025-10-24,20:15:06,-07:00,2025-10-24T20:15:06-07:00,1,41
projects/projects.js,11,js,a52c37b7,Su Love Wai,2025-10-24,20:00:23,-07:00,2025-10-24T20:00:23-07:00,1,20
projects/projects.js,12,js,a52c37b7,Su Love Wai,2025-10-24,20:00:23,-07:00,2025-10-24T20:00:23-07:00,0,0
projects/projects.js,13,js,569e8e57,Su Love Wai,2025-10-31,21:40:29,-07:00,2025-10-31T21:40:29-07:00,1,52
projects/projects.js,14,js,569e8e57,Su Love Wai,2025-10-31,21:40:29,-07:00,2025-10-31T21:40:29-07:00,1,53
projects/projects.js,15,js,a52c37b7,Su Love Wai,2025-10-24,20:00:23,-07:00,2025-10-24T20:00:23-07:00,0,0
projects/projects.js,16,js,569e8e57,Su Love Wai,2025-10-31,21:40:29,-07:00,2025-10-31T21:40:29-07:00,1,24
projects/projects.js,17,js,569e8e57,Su Love Wai,2025-10-31,21:40:29,-07:00,2025-10-31T21:40:29-07:00,1,21
projects/projects.js,18,js,569e8e57,Su Love Wai,2025-10-31,21:40:29,-07:00,2025-10-31T21:40:29-07:00,1,13
projects/projects.js,19,js,569e8e57,Su Love Wai,2025-10-31,21:40:29,-07:00,2025-10-31T21:40:29-07:00,0,0
projects/projects.js,20,js,569e8e57,Su Love Wai,2025-10-31,21:40:29,-07:00,2025-10-31T21:40:29-07:00,1,40
projects/projects.js,21,js,569e8e57,Su Love Wai,2025-10-31,21:40:29,-07:00,2025-10-31T21:40:29-07:00,1,38
projects/projects.js,22,js,569e8e57,Su Love Wai,2025-10-31,21:40:29,-07:00,2025-10-31T21:40:29-07:00,2,23
projects/projects.js,23,js,569e8e57,Su Love Wai,2025-10-31,21:40:29,-07:00,2025-10-31T21:40:29-07:00,2,26
projects/projects.js,24,js,569e8e57,Su Love Wai,2025-10-31,21:40:29,-07:00,2025-10-31T21:40:29-07:00,3,12
projects/projects.js,25,js,569e8e57,Su Love Wai,2025-10-31,21:40:29,-07:00,2025-10-31T21:40:29-07:00,3,14
projects/projects.js,26,js,569e8e57,Su Love Wai,2025-10-31,21:40:29,-07:00,2025-10-31T21:40:29-07:00,3,11
projects/projects.js,27,js,569e8e57,Su Love Wai,2025-10-31,21:40:29,-07:00,2025-10-31T21:40:29-07:00,2,0
projects/projects.js,28,js,569e8e57,Su Love Wai,2025-10-31,21:40:29,-07:00,2025-10-31T21:40:29-07:00,0,0
projects/projects.js,29,js,569e8e57,Su Love Wai,2025-10-31,21:40:29,-07:00,2025-10-31T21:40:29-07:00,2,45
projects/projects.js,30,js,569e8e57,Su Love Wai,2025-10-31,21:40:29,-07:00,2025-10-31T21:40:29-07:00,3,11
projects/projects.js,31,js,569e8e57,Su Love Wai,2025-10-31,21:40:29,-07:00,2025-10-31T21:40:29-07:00,3,9
projects/projects.js,32,js,569e8e57,Su Love Wai,2025-10-31,21:40:29,-07:00,2025-10-31T21:40:29-07:00,2,2
projects/projects.js,33,js,569e8e57,Su Love Wai,2025-10-31,21:40:29,-07:00,2025-10-31T21:40:29-07:00,0,0
projects/projects.js,34,js,569e8e57,Su Love Wai,2025-10-31,21:40:29,-07:00,2025-10-31T21:40:29-07:00,2,14
projects/projects.js,35,js,569e8e57,Su Love Wai,2025-10-31,21:40:29,-07:00,2025-10-31T21:40:29-07:00,2,40
projects/projects.js,36,js,569e8e57,Su Love Wai,2025-10-31,21:40:29,-07:00,2025-10-31T21:40:29-07:00,2,57
projects/projects.js,37,js,569e8e57,Su Love Wai,2025-10-31,21:40:29,-07:00,2025-10-31T21:40:29-07:00,2,50
projects/projects.js,38,js,569e8e57,Su Love Wai,2025-10-31,21:40:29,-07:00,2025-10-31T21:40:29-07:00,2,33
projects/projects.js,39,js,569e8e57,Su Love Wai,2025-10-31,21:40:29,-07:00,2025-10-31T21:40:29-07:00,2,47
projects/projects.js,40,js,569e8e57,Su Love Wai,2025-10-31,21:40:29,-07:00,2025-10-31T21:40:29-07:00,0,0
projects/projects.js,41,js,569e8e57,Su Love Wai,2025-10-31,21:40:29,-07:00,2025-10-31T21:40:29-07:00,2,25
projects/projects.js,42,js,569e8e57,Su Love Wai,2025-10-31,21:40:29,-07:00,2025-10-31T21:40:29-07:00,2,29
projects/projects.js,43,js,569e8e57,Su Love Wai,2025-10-31,21:40:29,-07:00,2025-10-31T21:40:29-07:00,2,44
projects/projects.js,44,js,569e8e57,Su Love Wai,2025-10-31,21:40:29,-07:00,2025-10-31T21:40:29-07:00,0,0
projects/projects.js,45,js,569e8e57,Su Love Wai,2025-10-31,21:40:29,-07:00,2025-10-31T21:40:29-07:00,2,16
projects/projects.js,46,js,569e8e57,Su Love Wai,2025-10-31,21:40:29,-07:00,2025-10-31T21:40:29-07:00,2,27
projects/projects.js,47,js,569e8e57,Su Love Wai,2025-10-31,21:40:29,-07:00,2025-10-31T21:40:29-07:00,3,1
projects/projects.js,48,js,569e8e57,Su Love Wai,2025-10-31,21:40:29,-07:00,2025-10-31T21:40:29-07:00,4,13
projects/projects.js,49,js,569e8e57,Su Love Wai,2025-10-31,21:40:29,-07:00,2025-10-31T21:40:29-07:00,4,25
projects/projects.js,50,js,569e8e57,Su Love Wai,2025-10-31,21:40:29,-07:00,2025-10-31T21:40:29-07:00,4,24
projects/projects.js,51,js,569e8e57,Su Love Wai,2025-10-31,21:40:29,-07:00,2025-10-31T21:40:29-07:00,4,53
projects/projects.js,52,js,569e8e57,Su Love Wai,2025-10-31,21:40:29,-07:00,2025-10-31T21:40:29-07:00,4,18
projects/projects.js,53,js,569e8e57,Su Love Wai,2025-10-31,21:40:29,-07:00,2025-10-31T21:40:29-07:00,5,47
projects/projects.js,54,js,569e8e57,Su Love Wai,2025-10-31,21:40:29,-07:00,2025-10-31T21:40:29-07:00,5,15
projects/projects.js,55,js,569e8e57,Su Love Wai,2025-10-31,21:40:29,-07:00,2025-10-31T21:40:29-07:00,4,1
projects/projects.js,56,js,569e8e57,Su Love Wai,2025-10-31,21:40:29,-07:00,2025-10-31T21:40:29-07:00,2,1
projects/projects.js,57,js,569e8e57,Su Love Wai,2025-10-31,21:40:29,-07:00,2025-10-31T21:40:29-07:00,0,0
projects/projects.js,58,js,569e8e57,Su Love Wai,2025-10-31,21:40:29,-07:00,2025-10-31T21:40:29-07:00,2,12
projects/projects.js,59,js,569e8e57,Su Love Wai,2025-10-31,21:40:29,-07:00,2025-10-31T21:40:29-07:00,2,32
projects/projects.js,60,js,569e8e57,Su Love Wai,2025-10-31,21:40:29,-07:00,2025-10-31T21:40:29-07:00,2,24
projects/projects.js,61,js,569e8e57,Su Love Wai,2025-10-31,21:40:29,-07:00,2025-10-31T21:40:29-07:00,3,4
projects/projects.js,62,js,569e8e57,Su Love Wai,2025-10-31,21:40:29,-07:00,2025-10-31T21:40:29-07:00,4,11
projects/projects.js,63,js,569e8e57,Su Love Wai,2025-10-31,21:40:29,-07:00,2025-10-31T21:40:29-07:00,4,38
projects/projects.js,64,js,569e8e57,Su Love Wai,2025-10-31,21:40:29,-07:00,2025-10-31T21:40:29-07:00,4,53
projects/projects.js,65,js,569e8e57,Su Love Wai,2025-10-31,21:40:29,-07:00,2025-10-31T21:40:29-07:00,4,68
projects/projects.js,66,js,569e8e57,Su Love Wai,2025-10-31,21:40:29,-07:00,2025-10-31T21:40:29-07:00,4,18
projects/projects.js,67,js,569e8e57,Su Love Wai,2025-10-31,21:40:29,-07:00,2025-10-31T21:40:29-07:00,5,47
projects/projects.js,68,js,569e8e57,Su Love Wai,2025-10-31,21:40:29,-07:00,2025-10-31T21:40:29-07:00,5,15
projects/projects.js,69,js,569e8e57,Su Love Wai,2025-10-31,21:40:29,-07:00,2025-10-31T21:40:29-07:00,4,1
projects/projects.js,70,js,569e8e57,Su Love Wai,2025-10-31,21:40:29,-07:00,2025-10-31T21:40:29-07:00,2,1
projects/projects.js,71,js,569e8e57,Su Love Wai,2025-10-31,21:40:29,-07:00,2025-10-31T21:40:29-07:00,1,0
projects/projects.js,72,js,569e8e57,Su Love Wai,2025-10-31,21:40:29,-07:00,2025-10-31T21:40:29-07:00,0,0
projects/projects.js,73,js,569e8e57,Su Love Wai,2025-10-31,21:40:29,-07:00,2025-10-31T21:40:29-07:00,1,35
projects/projects.js,74,js,569e8e57,Su Love Wai,2025-10-31,21:40:29,-07:00,2025-10-31T21:40:29-07:00,1,25
projects/projects.js,75,js,569e8e57,Su Love Wai,2025-10-31,21:40:29,-07:00,2025-10-31T21:40:29-07:00,2,24
projects/projects.js,76,js,569e8e57,Su Love Wai,2025-10-31,21:40:29,-07:00,2025-10-31T21:40:29-07:00,2,27
projects/projects.js,77,js,569e8e57,Su Love Wai,2025-10-31,21:40:29,-07:00,2025-10-31T21:40:29-07:00,0,0
projects/projects.js,78,js,569e8e57,Su Love Wai,2025-10-31,21:40:29,-07:00,2025-10-31T21:40:29-07:00,2,20
projects/projects.js,79,js,569e8e57,Su Love Wai,2025-10-31,21:40:29,-07:00,2025-10-31T21:40:29-07:00,2,10
projects/projects.js,80,js,569e8e57,Su Love Wai,2025-10-31,21:40:29,-07:00,2025-10-31T21:40:29-07:00,3,39
projects/projects.js,81,js,569e8e57,Su Love Wai,2025-10-31,21:40:29,-07:00,2025-10-31T21:40:29-07:00,4,58
projects/projects.js,82,js,569e8e57,Su Love Wai,2025-10-31,21:40:29,-07:00,2025-10-31T21:40:29-07:00,4,40
projects/projects.js,83,js,569e8e57,Su Love Wai,2025-10-31,21:40:29,-07:00,2025-10-31T21:40:29-07:00,3,1
projects/projects.js,84,js,569e8e57,Su Love Wai,2025-10-31,21:40:29,-07:00,2025-10-31T21:40:29-07:00,2,0
projects/projects.js,85,js,569e8e57,Su Love Wai,2025-10-31,21:40:29,-07:00,2025-10-31T21:40:29-07:00,0,0
projects/projects.js,86,js,569e8e57,Su Love Wai,2025-10-31,21:40:29,-07:00,2025-10-31T21:40:29-07:00,2,18
projects/projects.js,87,js,569e8e57,Su Love Wai,2025-10-31,21:40:29,-07:00,2025-10-31T21:40:29-07:00,2,25
projects/projects.js,88,js,569e8e57,Su Love Wai,2025-10-31,21:40:29,-07:00,2025-10-31T21:40:29-07:00,3,70
projects/projects.js,89,js,569e8e57,Su Love Wai,2025-10-31,21:40:29,-07:00,2025-10-31T21:40:29-07:00,3,28
projects/projects.js,90,js,569e8e57,Su Love Wai,2025-10-31,21:40:29,-07:00,2025-10-31T21:40:29-07:00,4,7
projects/projects.js,91,js,569e8e57,Su Love Wai,2025-10-31,21:40:29,-07:00,2025-10-31T21:40:29-07:00,4,14
projects/projects.js,92,js,569e8e57,Su Love Wai,2025-10-31,21:40:29,-07:00,2025-10-31T21:40:29-07:00,4,11
projects/projects.js,93,js,569e8e57,Su Love Wai,2025-10-31,21:40:29,-07:00,2025-10-31T21:40:29-07:00,3,22
projects/projects.js,94,js,569e8e57,Su Love Wai,2025-10-31,21:40:29,-07:00,2025-10-31T21:40:29-07:00,0,0
projects/projects.js,95,js,569e8e57,Su Love Wai,2025-10-31,21:40:29,-07:00,2025-10-31T21:40:29-07:00,3,43
projects/projects.js,96,js,569e8e57,Su Love Wai,2025-10-31,21:40:29,-07:00,2025-10-31T21:40:29-07:00,3,54
projects/projects.js,97,js,569e8e57,Su Love Wai,2025-10-31,21:40:29,-07:00,2025-10-31T21:40:29-07:00,2,0
projects/projects.js,98,js,569e8e57,Su Love Wai,2025-10-31,21:40:29,-07:00,2025-10-31T21:40:29-07:00,0,0
projects/projects.js,99,js,569e8e57,Su Love Wai,2025-10-31,21:40:29,-07:00,2025-10-31T21:40:29-07:00,2,18
projects/projects.js,100,js,569e8e57,Su Love Wai,2025-10-31,21:40:29,-07:00,2025-10-31T21:40:29-07:00,2,40
projects/projects.js,101,js,569e8e57,Su Love Wai,2025-10-31,21:40:29,-07:00,2025-10-31T21:40:29-07:00,2,45
projects/projects.js,102,js,569e8e57,Su Love Wai,2025-10-31,21:40:29,-07:00,2025-10-31T21:40:29-07:00,2,23
projects/projects.js,103,js,569e8e57,Su Love Wai,2025-10-31,21:40:29,-07:00,2025-10-31T21:40:29-07:00,1,0
projects/projects.js,104,js,569e8e57,Su Love Wai,2025-10-31,21:40:29,-07:00,2025-10-31T21:40:29-07:00,0,0
projects/projects.js,105,js,569e8e57,Su Love Wai,2025-10-31,21:40:29,-07:00,2025-10-31T21:40:29-07:00,1,25
projects/projects.js,106,js,569e8e57,Su Love Wai,2025-10-31,21:40:29,-07:00,2025-10-31T21:40:29-07:00,1,40
projects/projects.js,107,js,a52c37b7,Su Love Wai,2025-10-24,20:00:23,-07:00,2025-10-24T20:00:23-07:00,1,45
projects/projects.js,108,js,569e8e57,Su Love Wai,2025-10-31,21:40:29,-07:00,2025-10-31T21:40:29-07:00,1,23
projects/projects.js,109,js,569e8e57,Su Love Wai,2025-10-31,21:40:29,-07:00,2025-10-31T21:40:29-07:00,0,0
projects/projects.js,110,js,569e8e57,Su Love Wai,2025-10-31,21:40:29,-07:00,2025-10-31T21:40:29-07:00,1,23
projects/projects.js,111,js,569e8e57,Su Love Wai,2025-10-31,21:40:29,-07:00,2025-10-31T21:40:29-07:00,1,48
projects/projects.js,112,js,569e8e57,Su Love Wai,2025-10-31,21:40:29,-07:00,2025-10-31T21:40:29-07:00,1,24
projects/projects.js,113,js,569e8e57,Su Love Wai,2025-10-31,21:40:29,-07:00,2025-10-31T21:40:29-07:00,1,32
projects/projects.js,114,js,569e8e57,Su Love Wai,2025-10-31,21:40:29,-07:00,2025-10-31T21:40:29-07:00,1,44
projects/projects.js,115,js,569e8e57,Su Love Wai,2025-10-31,21:40:29,-07:00,2025-10-31T21:40:29-07:00,1,26
projects/projects.js,116,js,569e8e57,Su Love Wai,2025-10-31,21:40:29,-07:00,2025-10-31T21:40:29-07:00,0,0
projects/projects.js,117,js,569e8e57,Su Love Wai,2025-10-31,21:40:29,-07:00,2025-10-31T21:40:29-07:00,1,46
projects/projects.js,118,js,569e8e57,Su Love Wai,2025-10-31,21:40:29,-07:00,2025-10-31T21:40:29-07:00,2,39
projects/projects.js,119,js,569e8e57,Su Love Wai,2025-10-31,21:40:29,-07:00,2025-10-31T21:40:29-07:00,2,15
projects/projects.js,120,js,569e8e57,Su Love Wai,2025-10-31,21:40:29,-07:00,2025-10-31T21:40:29-07:00,1,1
projects/projects.js,121,js,a52c37b7,Su Love Wai,2025-10-24,20:00:23,-07:00,2025-10-24T20:00:23-07:00,0,0
projects/projects.js,122,js,a52c37b7,Su Love Wai,2025-10-24,20:00:23,-07:00,2025-10-24T20:00:23-07:00,0,0
projects/projects.js,123,js,a52c37b7,Su Love Wai,2025-10-24,20:00:23,-07:00,2025-10-24T20:00:23-07:00,0,13
projects/index.html,1,html,162e2724,Su Love Wai,2025-10-03,18:33:19,-07:00,2025-10-03T18:33:19-07:00,0,13
projects/index.html,2,html,162e2724,Su Love Wai,2025-10-03,18:33:19,-07:00,2025-10-03T18:33:19-07:00,0,14
projects/index.html,3,html,162e2724,Su Love Wai,2025-10-03,18:33:19,-07:00,2025-10-03T18:33:19-07:00,0,4
projects/index.html,4,html,a52c37b7,Su Love Wai,2025-10-24,20:00:23,-07:00,2025-10-24T20:00:23-07:00,1,22
projects/index.html,5,html,a52c37b7,Su Love Wai,2025-10-24,20:00:23,-07:00,2025-10-24T20:00:23-07:00,1,70
projects/index.html,6,html,162e2724,Su Love Wai,2025-10-03,18:33:19,-07:00,2025-10-03T18:33:19-07:00,1,35
projects/index.html,7,html,a52c37b7,Su Love Wai,2025-10-24,20:00:23,-07:00,2025-10-24T20:00:23-07:00,1,43
projects/index.html,8,html,162e2724,Su Love Wai,2025-10-03,18:33:19,-07:00,2025-10-03T18:33:19-07:00,0,5
projects/index.html,9,html,162e2724,Su Love Wai,2025-10-03,18:33:19,-07:00,2025-10-03T18:33:19-07:00,0,4
projects/index.html,10,html,162e2724,Su Love Wai,2025-10-03,18:33:19,-07:00,2025-10-03T18:33:19-07:00,0,0
projects/index.html,11,html,a52c37b7,Su Love Wai,2025-10-24,20:00:23,-07:00,2025-10-24T20:00:23-07:00,1,73
projects/index.html,12,html,569e8e57,Su Love Wai,2025-10-31,21:40:29,-07:00,2025-10-31T21:40:29-07:00,0,90
projects/index.html,13,html,78052b0e,Su Love Wai,2025-10-10,21:08:48,-07:00,2025-10-10T21:08:48-07:00,0,0
projects/index.html,14,html,569e8e57,Su Love Wai,2025-10-31,21:40:29,-07:00,2025-10-31T21:40:29-07:00,0,21
projects/index.html,15,html,569e8e57,Su Love Wai,2025-10-31,21:40:29,-07:00,2025-10-31T21:40:29-07:00,1,58
projects/index.html,16,html,569e8e57,Su Love Wai,2025-10-31,21:40:29,-07:00,2025-10-31T21:40:29-07:00,1,22
projects/index.html,17,html,569e8e57,Su Love Wai,2025-10-31,21:40:29,-07:00,2025-10-31T21:40:29-07:00,0,4
projects/index.html,18,html,78052b0e,Su Love Wai,2025-10-10,21:08:48,-07:00,2025-10-10T21:08:48-07:00,0,0
projects/index.html,19,html,569e8e57,Su Love Wai,2025-10-31,21:40:29,-07:00,2025-10-31T21:40:29-07:00,0,26
projects/index.html,20,html,569e8e57,Su Love Wai,2025-10-31,21:40:29,-07:00,2025-10-31T21:40:29-07:00,0,0
projects/index.html,21,html,569e8e57,Su Love Wai,2025-10-31,21:40:29,-07:00,2025-10-31T21:40:29-07:00,1,14
projects/index.html,22,html,a52c37b7,Su Love Wai,2025-10-24,20:00:23,-07:00,2025-10-24T20:00:23-07:00,1,48
projects/index.html,23,html,a52c37b7,Su Love Wai,2025-10-24,20:00:23,-07:00,2025-10-24T20:00:23-07:00,1,47
projects/index.html,24,html,162e2724,Su Love Wai,2025-10-03,18:33:19,-07:00,2025-10-03T18:33:19-07:00,0,5
projects/index.html,25,html,162e2724,Su Love Wai,2025-10-03,18:33:19,-07:00,2025-10-03T18:33:19-07:00,0,5
cv/index.html,1,html,162e2724,Su Love Wai,2025-10-03,18:33:19,-07:00,2025-10-03T18:33:19-07:00,0,13
cv/index.html,2,html,162e2724,Su Love Wai,2025-10-03,18:33:19,-07:00,2025-10-03T18:33:19-07:00,0,14
cv/index.html,3,html,162e2724,Su Love Wai,2025-10-03,18:33:19,-07:00,2025-10-03T18:33:19-07:00,0,4
cv/index.html,4,html,162e2724,Su Love Wai,2025-10-03,18:33:19,-07:00,2025-10-03T18:33:19-07:00,1,20
cv/index.html,5,html,162e2724,Su Love Wai,2025-10-03,18:33:19,-07:00,2025-10-03T18:33:19-07:00,1,68
cv/index.html,6,html,162e2724,Su Love Wai,2025-10-03,18:33:19,-07:00,2025-10-03T18:33:19-07:00,1,29
cv/index.html,7,html,162e2724,Su Love Wai,2025-10-03,18:33:19,-07:00,2025-10-03T18:33:19-07:00,1,41
cv/index.html,8,html,162e2724,Su Love Wai,2025-10-03,18:33:19,-07:00,2025-10-03T18:33:19-07:00,0,5
cv/index.html,9,html,162e2724,Su Love Wai,2025-10-03,18:33:19,-07:00,2025-10-03T18:33:19-07:00,0,4
cv/index.html,10,html,162e2724,Su Love Wai,2025-10-03,18:33:19,-07:00,2025-10-03T18:33:19-07:00,0,0
cv/index.html,11,html,162e2724,Su Love Wai,2025-10-03,18:33:19,-07:00,2025-10-03T18:33:19-07:00,1,6
cv/index.html,12,html,162e2724,Su Love Wai,2025-10-03,18:33:19,-07:00,2025-10-03T18:33:19-07:00,2,18
cv/index.html,13,html,162e2724,Su Love Wai,2025-10-03,18:33:19,-07:00,2025-10-03T18:33:19-07:00,2,243
cv/index.html,14,html,162e2724,Su Love Wai,2025-10-03,18:33:19,-07:00,2025-10-03T18:33:19-07:00,2,185
cv/index.html,15,html,162e2724,Su Love Wai,2025-10-03,18:33:19,-07:00,2025-10-03T18:33:19-07:00,1,7
cv/index.html,16,html,162e2724,Su Love Wai,2025-10-03,18:33:19,-07:00,2025-10-03T18:33:19-07:00,0,0
cv/index.html,17,html,162e2724,Su Love Wai,2025-10-03,18:33:19,-07:00,2025-10-03T18:33:19-07:00,1,7
cv/index.html,18,html,162e2724,Su Love Wai,2025-10-03,18:33:19,-07:00,2025-10-03T18:33:19-07:00,2,16
cv/index.html,19,html,162e2724,Su Love Wai,2025-10-03,18:33:19,-07:00,2025-10-03T18:33:19-07:00,2,7
cv/index.html,20,html,162e2724,Su Love Wai,2025-10-03,18:33:19,-07:00,2025-10-03T18:33:19-07:00,3,44
cv/index.html,21,html,162e2724,Su Love Wai,2025-10-03,18:33:19,-07:00,2025-10-03T18:33:19-07:00,3,34
cv/index.html,22,html,162e2724,Su Love Wai,2025-10-03,18:33:19,-07:00,2025-10-03T18:33:19-07:00,3,22
cv/index.html,23,html,162e2724,Su Love Wai,2025-10-03,18:33:19,-07:00,2025-10-03T18:33:19-07:00,2,8
cv/index.html,24,html,162e2724,Su Love Wai,2025-10-03,18:33:19,-07:00,2025-10-03T18:33:19-07:00,2,7
cv/index.html,25,html,162e2724,Su Love Wai,2025-10-03,18:33:19,-07:00,2025-10-03T18:33:19-07:00,3,57
cv/index.html,26,html,162e2724,Su Love Wai,2025-10-03,18:33:19,-07:00,2025-10-03T18:33:19-07:00,3,58
cv/index.html,27,html,162e2724,Su Love Wai,2025-10-03,18:33:19,-07:00,2025-10-03T18:33:19-07:00,3,25
cv/index.html,28,html,162e2724,Su Love Wai,2025-10-03,18:33:19,-07:00,2025-10-03T18:33:19-07:00,2,8
cv/index.html,29,html,162e2724,Su Love Wai,2025-10-03,18:33:19,-07:00,2025-10-03T18:33:19-07:00,1,8
cv/index.html,30,html,162e2724,Su Love Wai,2025-10-03,18:33:19,-07:00,2025-10-03T18:33:19-07:00,0,0
cv/index.html,31,html,162e2724,Su Love Wai,2025-10-03,18:33:19,-07:00,2025-10-03T18:33:19-07:00,1,7
cv/index.html,32,html,162e2724,Su Love Wai,2025-10-03,18:33:19,-07:00,2025-10-03T18:33:19-07:00,2,17
cv/index.html,33,html,162e2724,Su Love Wai,2025-10-03,18:33:19,-07:00,2025-10-03T18:33:19-07:00,2,7
cv/index.html,34,html,162e2724,Su Love Wai,2025-10-03,18:33:19,-07:00,2025-10-03T18:33:19-07:00,3,54
cv/index.html,35,html,162e2724,Su Love Wai,2025-10-03,18:33:19,-07:00,2025-10-03T18:33:19-07:00,3,30
cv/index.html,36,html,162e2724,Su Love Wai,2025-10-03,18:33:19,-07:00,2025-10-03T18:33:19-07:00,3,2
cv/index.html,37,html,162e2724,Su Love Wai,2025-10-03,18:33:19,-07:00,2025-10-03T18:33:19-07:00,4,95
cv/index.html,38,html,162e2724,Su Love Wai,2025-10-03,18:33:19,-07:00,2025-10-03T18:33:19-07:00,4,65
cv/index.html,39,html,162e2724,Su Love Wai,2025-10-03,18:33:19,-07:00,2025-10-03T18:33:19-07:00,3,3
cv/index.html,40,html,162e2724,Su Love Wai,2025-10-03,18:33:19,-07:00,2025-10-03T18:33:19-07:00,2,8
cv/index.html,41,html,162e2724,Su Love Wai,2025-10-03,18:33:19,-07:00,2025-10-03T18:33:19-07:00,2,7
cv/index.html,42,html,162e2724,Su Love Wai,2025-10-03,18:33:19,-07:00,2025-10-03T18:33:19-07:00,3,62
cv/index.html,43,html,162e2724,Su Love Wai,2025-10-03,18:33:19,-07:00,2025-10-03T18:33:19-07:00,3,32
cv/index.html,44,html,162e2724,Su Love Wai,2025-10-03,18:33:19,-07:00,2025-10-03T18:33:19-07:00,3,2
cv/index.html,45,html,162e2724,Su Love Wai,2025-10-03,18:33:19,-07:00,2025-10-03T18:33:19-07:00,4,92
cv/index.html,46,html,162e2724,Su Love Wai,2025-10-03,18:33:19,-07:00,2025-10-03T18:33:19-07:00,4,104
cv/index.html,47,html,162e2724,Su Love Wai,2025-10-03,18:33:19,-07:00,2025-10-03T18:33:19-07:00,3,3
cv/index.html,48,html,162e2724,Su Love Wai,2025-10-03,18:33:19,-07:00,2025-10-03T18:33:19-07:00,2,8
cv/index.html,49,html,162e2724,Su Love Wai,2025-10-03,18:33:19,-07:00,2025-10-03T18:33:19-07:00,1,8
cv/index.html,50,html,162e2724,Su Love Wai,2025-10-03,18:33:19,-07:00,2025-10-03T18:33:19-07:00,0,0
cv/index.html,51,html,162e2724,Su Love Wai,2025-10-03,18:33:19,-07:00,2025-10-03T18:33:19-07:00,1,7
cv/index.html,52,html,162e2724,Su Love Wai,2025-10-03,18:33:19,-07:00,2025-10-03T18:33:19-07:00,2,29
cv/index.html,53,html,162e2724,Su Love Wai,2025-10-03,18:33:19,-07:00,2025-10-03T18:33:19-07:00,2,7
cv/index.html,54,html,162e2724,Su Love Wai,2025-10-03,18:33:19,-07:00,2025-10-03T18:33:19-07:00,3,23
cv/index.html,55,html,162e2724,Su Love Wai,2025-10-03,18:33:19,-07:00,2025-10-03T18:33:19-07:00,3,31
cv/index.html,56,html,162e2724,Su Love Wai,2025-10-03,18:33:19,-07:00,2025-10-03T18:33:19-07:00,3,151
cv/index.html,57,html,162e2724,Su Love Wai,2025-10-03,18:33:19,-07:00,2025-10-03T18:33:19-07:00,2,8
cv/index.html,58,html,162e2724,Su Love Wai,2025-10-03,18:33:19,-07:00,2025-10-03T18:33:19-07:00,2,7
cv/index.html,59,html,162e2724,Su Love Wai,2025-10-03,18:33:19,-07:00,2025-10-03T18:33:19-07:00,3,44
cv/index.html,60,html,162e2724,Su Love Wai,2025-10-03,18:33:19,-07:00,2025-10-03T18:33:19-07:00,3,31
cv/index.html,61,html,162e2724,Su Love Wai,2025-10-03,18:33:19,-07:00,2025-10-03T18:33:19-07:00,3,108
cv/index.html,62,html,162e2724,Su Love Wai,2025-10-03,18:33:19,-07:00,2025-10-03T18:33:19-07:00,2,8
cv/index.html,63,html,162e2724,Su Love Wai,2025-10-03,18:33:19,-07:00,2025-10-03T18:33:19-07:00,2,7
cv/index.html,64,html,162e2724,Su Love Wai,2025-10-03,18:33:19,-07:00,2025-10-03T18:33:19-07:00,3,34
cv/index.html,65,html,162e2724,Su Love Wai,2025-10-03,18:33:19,-07:00,2025-10-03T18:33:19-07:00,3,31
cv/index.html,66,html,162e2724,Su Love Wai,2025-10-03,18:33:19,-07:00,2025-10-03T18:33:19-07:00,3,111
cv/index.html,67,html,162e2724,Su Love Wai,2025-10-03,18:33:19,-07:00,2025-10-03T18:33:19-07:00,2,8
cv/index.html,68,html,162e2724,Su Love Wai,2025-10-03,18:33:19,-07:00,2025-10-03T18:33:19-07:00,2,7
cv/index.html,69,html,162e2724,Su Love Wai,2025-10-03,18:33:19,-07:00,2025-10-03T18:33:19-07:00,3,69
cv/index.html,70,html,162e2724,Su Love Wai,2025-10-03,18:33:19,-07:00,2025-10-03T18:33:19-07:00,3,31
cv/index.html,71,html,162e2724,Su Love Wai,2025-10-03,18:33:19,-07:00,2025-10-03T18:33:19-07:00,3,124
cv/index.html,72,html,162e2724,Su Love Wai,2025-10-03,18:33:19,-07:00,2025-10-03T18:33:19-07:00,2,8
cv/index.html,73,html,162e2724,Su Love Wai,2025-10-03,18:33:19,-07:00,2025-10-03T18:33:19-07:00,2,7
cv/index.html,74,html,162e2724,Su Love Wai,2025-10-03,18:33:19,-07:00,2025-10-03T18:33:19-07:00,3,49
cv/index.html,75,html,162e2724,Su Love Wai,2025-10-03,18:33:19,-07:00,2025-10-03T18:33:19-07:00,3,31
cv/index.html,76,html,162e2724,Su Love Wai,2025-10-03,18:33:19,-07:00,2025-10-03T18:33:19-07:00,3,87
cv/index.html,77,html,162e2724,Su Love Wai,2025-10-03,18:33:19,-07:00,2025-10-03T18:33:19-07:00,2,8
cv/index.html,78,html,162e2724,Su Love Wai,2025-10-03,18:33:19,-07:00,2025-10-03T18:33:19-07:00,2,7
cv/index.html,79,html,162e2724,Su Love Wai,2025-10-03,18:33:19,-07:00,2025-10-03T18:33:19-07:00,3,79
cv/index.html,80,html,162e2724,Su Love Wai,2025-10-03,18:33:19,-07:00,2025-10-03T18:33:19-07:00,3,30
cv/index.html,81,html,162e2724,Su Love Wai,2025-10-03,18:33:19,-07:00,2025-10-03T18:33:19-07:00,3,114
cv/index.html,82,html,162e2724,Su Love Wai,2025-10-03,18:33:19,-07:00,2025-10-03T18:33:19-07:00,2,8
cv/index.html,83,html,162e2724,Su Love Wai,2025-10-03,18:33:19,-07:00,2025-10-03T18:33:19-07:00,1,8
cv/index.html,84,html,162e2724,Su Love Wai,2025-10-03,18:33:19,-07:00,2025-10-03T18:33:19-07:00,0,0
cv/index.html,85,html,162e2724,Su Love Wai,2025-10-03,18:33:19,-07:00,2025-10-03T18:33:19-07:00,1,7
cv/index.html,86,html,162e2724,Su Love Wai,2025-10-03,18:33:19,-07:00,2025-10-03T18:33:19-07:00,2,13
cv/index.html,87,html,162e2724,Su Love Wai,2025-10-03,18:33:19,-07:00,2025-10-03T18:33:19-07:00,2,2
cv/index.html,88,html,162e2724,Su Love Wai,2025-10-03,18:33:19,-07:00,2025-10-03T18:33:19-07:00,3,59
cv/index.html,89,html,162e2724,Su Love Wai,2025-10-03,18:33:19,-07:00,2025-10-03T18:33:19-07:00,3,65
cv/index.html,90,html,162e2724,Su Love Wai,2025-10-03,18:33:19,-07:00,2025-10-03T18:33:19-07:00,3,69
cv/index.html,91,html,162e2724,Su Love Wai,2025-10-03,18:33:19,-07:00,2025-10-03T18:33:19-07:00,2,3
cv/index.html,92,html,162e2724,Su Love Wai,2025-10-03,18:33:19,-07:00,2025-10-03T18:33:19-07:00,1,8
cv/index.html,93,html,162e2724,Su Love Wai,2025-10-03,18:33:19,-07:00,2025-10-03T18:33:19-07:00,0,0
cv/index.html,94,html,95620031,Su Love Wai,2025-10-17,12:49:53,-07:00,2025-10-17T12:49:53-07:00,1,48
cv/index.html,95,html,162e2724,Su Love Wai,2025-10-03,18:33:19,-07:00,2025-10-03T18:33:19-07:00,0,5
cv/index.html,96,html,162e2724,Su Love Wai,2025-10-03,18:33:19,-07:00,2025-10-03T18:33:19-07:00,0,5
contact/index.html,1,html,162e2724,Su Love Wai,2025-10-03,18:33:19,-07:00,2025-10-03T18:33:19-07:00,0,13
contact/index.html,2,html,162e2724,Su Love Wai,2025-10-03,18:33:19,-07:00,2025-10-03T18:33:19-07:00,0,14
contact/index.html,3,html,162e2724,Su Love Wai,2025-10-03,18:33:19,-07:00,2025-10-03T18:33:19-07:00,0,4
contact/index.html,4,html,162e2724,Su Love Wai,2025-10-03,18:33:19,-07:00,2025-10-03T18:33:19-07:00,1,20
contact/index.html,5,html,162e2724,Su Love Wai,2025-10-03,18:33:19,-07:00,2025-10-03T18:33:19-07:00,1,68
contact/index.html,6,html,162e2724,Su Love Wai,2025-10-03,18:33:19,-07:00,2025-10-03T18:33:19-07:00,1,34
contact/index.html,7,html,162e2724,Su Love Wai,2025-10-03,18:33:19,-07:00,2025-10-03T18:33:19-07:00,1,41
contact/index.html,8,html,162e2724,Su Love Wai,2025-10-03,18:33:19,-07:00,2025-10-03T18:33:19-07:00,0,5
contact/index.html,9,html,162e2724,Su Love Wai,2025-10-03,18:33:19,-07:00,2025-10-03T18:33:19-07:00,0,4
contact/index.html,10,html,95620031,Su Love Wai,2025-10-17,12:49:53,-07:00,2025-10-17T12:49:53-07:00,1,14
contact/index.html,11,html,95620031,Su Love Wai,2025-10-17,12:49:53,-07:00,2025-10-17T12:49:53-07:00,1,73
contact/index.html,12,html,162e2724,Su Love Wai,2025-10-03,18:33:19,-07:00,2025-10-03T18:33:19-07:00,0,0
contact/index.html,13,html,95620031,Su Love Wai,2025-10-17,12:49:53,-07:00,2025-10-17T12:49:53-07:00,1,47
contact/index.html,14,html,95620031,Su Love Wai,2025-10-17,12:49:53,-07:00,2025-10-17T12:49:53-07:00,2,35
contact/index.html,15,html,95620031,Su Love Wai,2025-10-17,12:49:53,-07:00,2025-10-17T12:49:53-07:00,2,64
contact/index.html,16,html,162e2724,Su Love Wai,2025-10-03,18:33:19,-07:00,2025-10-03T18:33:19-07:00,0,0
contact/index.html,17,html,95620031,Su Love Wai,2025-10-17,12:49:53,-07:00,2025-10-17T12:49:53-07:00,2,32
contact/index.html,18,html,95620031,Su Love Wai,2025-10-17,12:49:53,-07:00,2025-10-17T12:49:53-07:00,2,92
contact/index.html,19,html,78052b0e,Su Love Wai,2025-10-10,21:08:48,-07:00,2025-10-10T21:08:48-07:00,0,0
contact/index.html,20,html,95620031,Su Love Wai,2025-10-17,12:49:53,-07:00,2025-10-17T12:49:53-07:00,2,33
contact/index.html,21,html,95620031,Su Love Wai,2025-10-17,12:49:53,-07:00,2025-10-17T12:49:53-07:00,1,5
contact/index.html,22,html,162e2724,Su Love Wai,2025-10-03,18:33:19,-07:00,2025-10-03T18:33:19-07:00,0,0
contact/index.html,23,html,95620031,Su Love Wai,2025-10-17,12:49:53,-07:00,2025-10-17T12:49:53-07:00,1,48
contact/index.html,24,html,162e2724,Su Love Wai,2025-10-03,18:33:19,-07:00,2025-10-03T18:33:19-07:00,0,5
contact/index.html,25,html,162e2724,Su Love Wai,2025-10-03,18:33:19,-07:00,2025-10-03T18:33:19-07:00,0,5
